case_id,repeat_index,task_profile_id,cmd_idx,mission_id,task_name,task_group,scenario_id,scenario_name,environment_class,obstacle_density,wind_level,link_quality,sensor_quality,disturbance_profile,architecture_id,architecture_name,mapping_profile,adaptation_mode,expected_focus,trigger_policy,duration_sec,preheat_sec,evaluation_window_sec,requires_manual_annotation,notes
CASE_001,1,T01_AUTO_TAKEOFF,14,4,Auto Takeoff,takeoff,S01_OPEN_NOMINAL,Open Nominal,open_field,low,low,nominal,nominal,nominal,ARCH_BASELINE_BALANCED,Baseline Balanced,baseline_map_v1,observe_only,reference,control_jitter_or_attitude_peak,150,20,5,yes,repeat=1;scenario=S01_OPEN_NOMINAL;architecture=ARCH_BASELINE_BALANCED
CASE_002,1,T01_AUTO_TAKEOFF,14,4,Auto Takeoff,takeoff,S01_OPEN_NOMINAL,Open Nominal,open_field,low,low,nominal,nominal,nominal,ARCH_PLANNING_PRIORITY,Planning Priority,planner_priority_map_v2,recommend_then_confirm,planning_latency,control_jitter_or_attitude_peak,150,20,5,yes,repeat=1;scenario=S01_OPEN_NOMINAL;architecture=ARCH_PLANNING_PRIORITY
CASE_003,1,T01_AUTO_TAKEOFF,14,4,Auto Takeoff,takeoff,S01_OPEN_NOMINAL,Open Nominal,open_field,low,low,nominal,nominal,nominal,ARCH_COMM_REDUCED,Communication Reduced,comm_guard_map_v2,recommend_then_confirm,link_resilience,control_jitter_or_attitude_peak,150,20,5,yes,repeat=1;scenario=S01_OPEN_NOMINAL;architecture=ARCH_COMM_REDUCED
CASE_004,1,T01_AUTO_TAKEOFF,14,4,Auto Takeoff,takeoff,S02_OPEN_WIND_GUST,Open Wind Gust,open_field,low,high,nominal,nominal,wind_gust,ARCH_BASELINE_BALANCED,Baseline Balanced,baseline_map_v1,observe_only,reference,control_jitter_or_attitude_peak,150,20,5,yes,repeat=1;scenario=S02_OPEN_WIND_GUST;architecture=ARCH_BASELINE_BALANCED
CASE_005,1,T01_AUTO_TAKEOFF,14,4,Auto Takeoff,takeoff,S02_OPEN_WIND_GUST,Open Wind Gust,open_field,low,high,nominal,nominal,wind_gust,ARCH_PLANNING_PRIORITY,Planning Priority,planner_priority_map_v2,recommend_then_confirm,planning_latency,control_jitter_or_attitude_peak,150,20,5,yes,repeat=1;scenario=S02_OPEN_WIND_GUST;architecture=ARCH_PLANNING_PRIORITY
CASE_006,1,T01_AUTO_TAKEOFF,14,4,Auto Takeoff,takeoff,S02_OPEN_WIND_GUST,Open Wind Gust,open_field,low,high,nominal,nominal,wind_gust,ARCH_COMM_REDUCED,Communication Reduced,comm_guard_map_v2,recommend_then_confirm,link_resilience,control_jitter_or_attitude_peak,150,20,5,yes,repeat=1;scenario=S02_OPEN_WIND_GUST;architecture=ARCH_COMM_REDUCED
CASE_007,1,T01_AUTO_TAKEOFF,14,4,Auto Takeoff,takeoff,S03_DENSE_OBSTACLE,Dense Obstacle,corridor_obstacle_zone,high,medium,nominal,nominal,planner_stress,ARCH_BASELINE_BALANCED,Baseline Balanced,baseline_map_v1,observe_only,reference,control_jitter_or_attitude_peak,150,20,5,yes,repeat=1;scenario=S03_DENSE_OBSTACLE;architecture=ARCH_BASELINE_BALANCED
CASE_008,1,T01_AUTO_TAKEOFF,14,4,Auto Takeoff,takeoff,S03_DENSE_OBSTACLE,Dense Obstacle,corridor_obstacle_zone,high,medium,nominal,nominal,planner_stress,ARCH_PLANNING_PRIORITY,Planning Priority,planner_priority_map_v2,recommend_then_confirm,planning_latency,control_jitter_or_attitude_peak,150,20,5,yes,repeat=1;scenario=S03_DENSE_OBSTACLE;architecture=ARCH_PLANNING_PRIORITY
CASE_009,1,T01_AUTO_TAKEOFF,14,4,Auto Takeoff,takeoff,S03_DENSE_OBSTACLE,Dense Obstacle,corridor_obstacle_zone,high,medium,nominal,nominal,planner_stress,ARCH_COMM_REDUCED,Communication Reduced,comm_guard_map_v2,recommend_then_confirm,link_resilience,control_jitter_or_attitude_peak,150,20,5,yes,repeat=1;scenario=S03_DENSE_OBSTACLE;architecture=ARCH_COMM_REDUCED
CASE_010,1,T01_AUTO_TAKEOFF,14,4,Auto Takeoff,takeoff,S04_LINK_DEGRADED,Link Degraded,semi_urban,medium,medium,degraded,nominal,downlink_loss,ARCH_BASELINE_BALANCED,Baseline Balanced,baseline_map_v1,observe_only,reference,control_jitter_or_attitude_peak,150,20,5,yes,repeat=1;scenario=S04_LINK_DEGRADED;architecture=ARCH_BASELINE_BALANCED
CASE_011,1,T01_AUTO_TAKEOFF,14,4,Auto Takeoff,takeoff,S04_LINK_DEGRADED,Link Degraded,semi_urban,medium,medium,degraded,nominal,downlink_loss,ARCH_PLANNING_PRIORITY,Planning Priority,planner_priority_map_v2,recommend_then_confirm,planning_latency,control_jitter_or_attitude_peak,150,20,5,yes,repeat=1;scenario=S04_LINK_DEGRADED;architecture=ARCH_PLANNING_PRIORITY
CASE_012,1,T01_AUTO_TAKEOFF,14,4,Auto Takeoff,takeoff,S04_LINK_DEGRADED,Link Degraded,semi_urban,medium,medium,degraded,nominal,downlink_loss,ARCH_COMM_REDUCED,Communication Reduced,comm_guard_map_v2,recommend_then_confirm,link_resilience,control_jitter_or_attitude_peak,150,20,5,yes,repeat=1;scenario=S04_LINK_DEGRADED;architecture=ARCH_COMM_REDUCED
CASE_013,1,T01_AUTO_TAKEOFF,14,4,Auto Takeoff,takeoff,S05_COMPOSITE_STRESS,Composite Stress,urban_canyon,high,high,degraded,degraded,planner_stress+downlink_loss+sensor_drop,ARCH_BASELINE_BALANCED,Baseline Balanced,baseline_map_v1,observe_only,reference,control_jitter_or_attitude_peak,150,20,5,yes,repeat=1;scenario=S05_COMPOSITE_STRESS;architecture=ARCH_BASELINE_BALANCED
CASE_014,1,T01_AUTO_TAKEOFF,14,4,Auto Takeoff,takeoff,S05_COMPOSITE_STRESS,Composite Stress,urban_canyon,high,high,degraded,degraded,planner_stress+downlink_loss+sensor_drop,ARCH_PLANNING_PRIORITY,Planning Priority,planner_priority_map_v2,recommend_then_confirm,planning_latency,control_jitter_or_attitude_peak,150,20,5,yes,repeat=1;scenario=S05_COMPOSITE_STRESS;architecture=ARCH_PLANNING_PRIORITY
CASE_015,1,T01_AUTO_TAKEOFF,14,4,Auto Takeoff,takeoff,S05_COMPOSITE_STRESS,Composite Stress,urban_canyon,high,high,degraded,degraded,planner_stress+downlink_loss+sensor_drop,ARCH_COMM_REDUCED,Communication Reduced,comm_guard_map_v2,recommend_then_confirm,link_resilience,control_jitter_or_attitude_peak,150,20,5,yes,repeat=1;scenario=S05_COMPOSITE_STRESS;architecture=ARCH_COMM_REDUCED
CASE_016,1,T02_HOVER_HOLD,16,16,Hover Hold,nominal_mission,S01_OPEN_NOMINAL,Open Nominal,open_field,low,low,nominal,nominal,nominal,ARCH_BASELINE_BALANCED,Baseline Balanced,baseline_map_v1,observe_only,reference,control_jitter_or_tracking_rmse,180,20,5,yes,repeat=1;scenario=S01_OPEN_NOMINAL;architecture=ARCH_BASELINE_BALANCED
CASE_017,1,T02_HOVER_HOLD,16,16,Hover Hold,nominal_mission,S01_OPEN_NOMINAL,Open Nominal,open_field,low,low,nominal,nominal,nominal,ARCH_PLANNING_PRIORITY,Planning Priority,planner_priority_map_v2,recommend_then_confirm,planning_latency,control_jitter_or_tracking_rmse,180,20,5,yes,repeat=1;scenario=S01_OPEN_NOMINAL;architecture=ARCH_PLANNING_PRIORITY
CASE_018,1,T02_HOVER_HOLD,16,16,Hover Hold,nominal_mission,S01_OPEN_NOMINAL,Open Nominal,open_field,low,low,nominal,nominal,nominal,ARCH_COMM_REDUCED,Communication Reduced,comm_guard_map_v2,recommend_then_confirm,link_resilience,control_jitter_or_tracking_rmse,180,20,5,yes,repeat=1;scenario=S01_OPEN_NOMINAL;architecture=ARCH_COMM_REDUCED
CASE_019,1,T02_HOVER_HOLD,16,16,Hover Hold,nominal_mission,S02_OPEN_WIND_GUST,Open Wind Gust,open_field,low,high,nominal,nominal,wind_gust,ARCH_BASELINE_BALANCED,Baseline Balanced,baseline_map_v1,observe_only,reference,control_jitter_or_tracking_rmse,180,20,5,yes,repeat=1;scenario=S02_OPEN_WIND_GUST;architecture=ARCH_BASELINE_BALANCED
CASE_020,1,T02_HOVER_HOLD,16,16,Hover Hold,nominal_mission,S02_OPEN_WIND_GUST,Open Wind Gust,open_field,low,high,nominal,nominal,wind_gust,ARCH_PLANNING_PRIORITY,Planning Priority,planner_priority_map_v2,recommend_then_confirm,planning_latency,control_jitter_or_tracking_rmse,180,20,5,yes,repeat=1;scenario=S02_OPEN_WIND_GUST;architecture=ARCH_PLANNING_PRIORITY
CASE_021,1,T02_HOVER_HOLD,16,16,Hover Hold,nominal_mission,S02_OPEN_WIND_GUST,Open Wind Gust,open_field,low,high,nominal,nominal,wind_gust,ARCH_COMM_REDUCED,Communication Reduced,comm_guard_map_v2,recommend_then_confirm,link_resilience,control_jitter_or_tracking_rmse,180,20,5,yes,repeat=1;scenario=S02_OPEN_WIND_GUST;architecture=ARCH_COMM_REDUCED
CASE_022,1,T02_HOVER_HOLD,16,16,Hover Hold,nominal_mission,S03_DENSE_OBSTACLE,Dense Obstacle,corridor_obstacle_zone,high,medium,nominal,nominal,planner_stress,ARCH_BASELINE_BALANCED,Baseline Balanced,baseline_map_v1,observe_only,reference,control_jitter_or_tracking_rmse,180,20,5,yes,repeat=1;scenario=S03_DENSE_OBSTACLE;architecture=ARCH_BASELINE_BALANCED
CASE_023,1,T02_HOVER_HOLD,16,16,Hover Hold,nominal_mission,S03_DENSE_OBSTACLE,Dense Obstacle,corridor_obstacle_zone,high,medium,nominal,nominal,planner_stress,ARCH_PLANNING_PRIORITY,Planning Priority,planner_priority_map_v2,recommend_then_confirm,planning_latency,control_jitter_or_tracking_rmse,180,20,5,yes,repeat=1;scenario=S03_DENSE_OBSTACLE;architecture=ARCH_PLANNING_PRIORITY
CASE_024,1,T02_HOVER_HOLD,16,16,Hover Hold,nominal_mission,S03_DENSE_OBSTACLE,Dense Obstacle,corridor_obstacle_zone,high,medium,nominal,nominal,planner_stress,ARCH_COMM_REDUCED,Communication Reduced,comm_guard_map_v2,recommend_then_confirm,link_resilience,control_jitter_or_tracking_rmse,180,20,5,yes,repeat=1;scenario=S03_DENSE_OBSTACLE;architecture=ARCH_COMM_REDUCED
CASE_025,1,T02_HOVER_HOLD,16,16,Hover Hold,nominal_mission,S04_LINK_DEGRADED,Link Degraded,semi_urban,medium,medium,degraded,nominal,downlink_loss,ARCH_BASELINE_BALANCED,Baseline Balanced,baseline_map_v1,observe_only,reference,control_jitter_or_tracking_rmse,180,20,5,yes,repeat=1;scenario=S04_LINK_DEGRADED;architecture=ARCH_BASELINE_BALANCED
CASE_026,1,T02_HOVER_HOLD,16,16,Hover Hold,nominal_mission,S04_LINK_DEGRADED,Link Degraded,semi_urban,medium,medium,degraded,nominal,downlink_loss,ARCH_PLANNING_PRIORITY,Planning Priority,planner_priority_map_v2,recommend_then_confirm,planning_latency,control_jitter_or_tracking_rmse,180,20,5,yes,repeat=1;scenario=S04_LINK_DEGRADED;architecture=ARCH_PLANNING_PRIORITY
CASE_027,1,T02_HOVER_HOLD,16,16,Hover Hold,nominal_mission,S04_LINK_DEGRADED,Link Degraded,semi_urban,medium,medium,degraded,nominal,downlink_loss,ARCH_COMM_REDUCED,Communication Reduced,comm_guard_map_v2,recommend_then_confirm,link_resilience,control_jitter_or_tracking_rmse,180,20,5,yes,repeat=1;scenario=S04_LINK_DEGRADED;architecture=ARCH_COMM_REDUCED
CASE_028,1,T02_HOVER_HOLD,16,16,Hover Hold,nominal_mission,S05_COMPOSITE_STRESS,Composite Stress,urban_canyon,high,high,degraded,degraded,planner_stress+downlink_loss+sensor_drop,ARCH_BASELINE_BALANCED,Baseline Balanced,baseline_map_v1,observe_only,reference,control_jitter_or_tracking_rmse,180,20,5,yes,repeat=1;scenario=S05_COMPOSITE_STRESS;architecture=ARCH_BASELINE_BALANCED
CASE_029,1,T02_HOVER_HOLD,16,16,Hover Hold,nominal_mission,S05_COMPOSITE_STRESS,Composite Stress,urban_canyon,high,high,degraded,degraded,planner_stress+downlink_loss+sensor_drop,ARCH_PLANNING_PRIORITY,Planning Priority,planner_priority_map_v2,recommend_then_confirm,planning_latency,control_jitter_or_tracking_rmse,180,20,5,yes,repeat=1;scenario=S05_COMPOSITE_STRESS;architecture=ARCH_PLANNING_PRIORITY
CASE_030,1,T02_HOVER_HOLD,16,16,Hover Hold,nominal_mission,S05_COMPOSITE_STRESS,Composite Stress,urban_canyon,high,high,degraded,degraded,planner_stress+downlink_loss+sensor_drop,ARCH_COMM_REDUCED,Communication Reduced,comm_guard_map_v2,recommend_then_confirm,link_resilience,control_jitter_or_tracking_rmse,180,20,5,yes,repeat=1;scenario=S05_COMPOSITE_STRESS;architecture=ARCH_COMM_REDUCED
CASE_031,1,T03_CRUISE_FORWARD,5,5,Cruise Forward,nominal_mission,S01_OPEN_NOMINAL,Open Nominal,open_field,low,low,nominal,nominal,nominal,ARCH_BASELINE_BALANCED,Baseline Balanced,baseline_map_v1,observe_only,reference,tracking_rmse_or_downlink_loss,240,20,5,yes,repeat=1;scenario=S01_OPEN_NOMINAL;architecture=ARCH_BASELINE_BALANCED
CASE_032,1,T03_CRUISE_FORWARD,5,5,Cruise Forward,nominal_mission,S01_OPEN_NOMINAL,Open Nominal,open_field,low,low,nominal,nominal,nominal,ARCH_PLANNING_PRIORITY,Planning Priority,planner_priority_map_v2,recommend_then_confirm,planning_latency,tracking_rmse_or_downlink_loss,240,20,5,yes,repeat=1;scenario=S01_OPEN_NOMINAL;architecture=ARCH_PLANNING_PRIORITY
CASE_033,1,T03_CRUISE_FORWARD,5,5,Cruise Forward,nominal_mission,S01_OPEN_NOMINAL,Open Nominal,open_field,low,low,nominal,nominal,nominal,ARCH_COMM_REDUCED,Communication Reduced,comm_guard_map_v2,recommend_then_confirm,link_resilience,tracking_rmse_or_downlink_loss,240,20,5,yes,repeat=1;scenario=S01_OPEN_NOMINAL;architecture=ARCH_COMM_REDUCED
CASE_034,1,T03_CRUISE_FORWARD,5,5,Cruise Forward,nominal_mission,S02_OPEN_WIND_GUST,Open Wind Gust,open_field,low,high,nominal,nominal,wind_gust,ARCH_BASELINE_BALANCED,Baseline Balanced,baseline_map_v1,observe_only,reference,tracking_rmse_or_downlink_loss,240,20,5,yes,repeat=1;scenario=S02_OPEN_WIND_GUST;architecture=ARCH_BASELINE_BALANCED
CASE_035,1,T03_CRUISE_FORWARD,5,5,Cruise Forward,nominal_mission,S02_OPEN_WIND_GUST,Open Wind Gust,open_field,low,high,nominal,nominal,wind_gust,ARCH_PLANNING_PRIORITY,Planning Priority,planner_priority_map_v2,recommend_then_confirm,planning_latency,tracking_rmse_or_downlink_loss,240,20,5,yes,repeat=1;scenario=S02_OPEN_WIND_GUST;architecture=ARCH_PLANNING_PRIORITY
CASE_036,1,T03_CRUISE_FORWARD,5,5,Cruise Forward,nominal_mission,S02_OPEN_WIND_GUST,Open Wind Gust,open_field,low,high,nominal,nominal,wind_gust,ARCH_COMM_REDUCED,Communication Reduced,comm_guard_map_v2,recommend_then_confirm,link_resilience,tracking_rmse_or_downlink_loss,240,20,5,yes,repeat=1;scenario=S02_OPEN_WIND_GUST;architecture=ARCH_COMM_REDUCED
CASE_037,1,T03_CRUISE_FORWARD,5,5,Cruise Forward,nominal_mission,S03_DENSE_OBSTACLE,Dense Obstacle,corridor_obstacle_zone,high,medium,nominal,nominal,planner_stress,ARCH_BASELINE_BALANCED,Baseline Balanced,baseline_map_v1,observe_only,reference,tracking_rmse_or_downlink_loss,240,20,5,yes,repeat=1;scenario=S03_DENSE_OBSTACLE;architecture=ARCH_BASELINE_BALANCED
CASE_038,1,T03_CRUISE_FORWARD,5,5,Cruise Forward,nominal_mission,S03_DENSE_OBSTACLE,Dense Obstacle,corridor_obstacle_zone,high,medium,nominal,nominal,planner_stress,ARCH_PLANNING_PRIORITY,Planning Priority,planner_priority_map_v2,recommend_then_confirm,planning_latency,tracking_rmse_or_downlink_loss,240,20,5,yes,repeat=1;scenario=S03_DENSE_OBSTACLE;architecture=ARCH_PLANNING_PRIORITY
CASE_039,1,T03_CRUISE_FORWARD,5,5,Cruise Forward,nominal_mission,S03_DENSE_OBSTACLE,Dense Obstacle,corridor_obstacle_zone,high,medium,nominal,nominal,planner_stress,ARCH_COMM_REDUCED,Communication Reduced,comm_guard_map_v2,recommend_then_confirm,link_resilience,tracking_rmse_or_downlink_loss,240,20,5,yes,repeat=1;scenario=S03_DENSE_OBSTACLE;architecture=ARCH_COMM_REDUCED
CASE_040,1,T03_CRUISE_FORWARD,5,5,Cruise Forward,nominal_mission,S04_LINK_DEGRADED,Link Degraded,semi_urban,medium,medium,degraded,nominal,downlink_loss,ARCH_BASELINE_BALANCED,Baseline Balanced,baseline_map_v1,observe_only,reference,tracking_rmse_or_downlink_loss,240,20,5,yes,repeat=1;scenario=S04_LINK_DEGRADED;architecture=ARCH_BASELINE_BALANCED
CASE_041,1,T03_CRUISE_FORWARD,5,5,Cruise Forward,nominal_mission,S04_LINK_DEGRADED,Link Degraded,semi_urban,medium,medium,degraded,nominal,downlink_loss,ARCH_PLANNING_PRIORITY,Planning Priority,planner_priority_map_v2,recommend_then_confirm,planning_latency,tracking_rmse_or_downlink_loss,240,20,5,yes,repeat=1;scenario=S04_LINK_DEGRADED;architecture=ARCH_PLANNING_PRIORITY
CASE_042,1,T03_CRUISE_FORWARD,5,5,Cruise Forward,nominal_mission,S04_LINK_DEGRADED,Link Degraded,semi_urban,medium,medium,degraded,nominal,downlink_loss,ARCH_COMM_REDUCED,Communication Reduced,comm_guard_map_v2,recommend_then_confirm,link_resilience,tracking_rmse_or_downlink_loss,240,20,5,yes,repeat=1;scenario=S04_LINK_DEGRADED;architecture=ARCH_COMM_REDUCED
CASE_043,1,T03_CRUISE_FORWARD,5,5,Cruise Forward,nominal_mission,S05_COMPOSITE_STRESS,Composite Stress,urban_canyon,high,high,degraded,degraded,planner_stress+downlink_loss+sensor_drop,ARCH_BASELINE_BALANCED,Baseline Balanced,baseline_map_v1,observe_only,reference,tracking_rmse_or_downlink_loss,240,20,5,yes,repeat=1;scenario=S05_COMPOSITE_STRESS;architecture=ARCH_BASELINE_BALANCED
CASE_044,1,T03_CRUISE_FORWARD,5,5,Cruise Forward,nominal_mission,S05_COMPOSITE_STRESS,Composite Stress,urban_canyon,high,high,degraded,degraded,planner_stress+downlink_loss+sensor_drop,ARCH_PLANNING_PRIORITY,Planning Priority,planner_priority_map_v2,recommend_then_confirm,planning_latency,tracking_rmse_or_downlink_loss,240,20,5,yes,repeat=1;scenario=S05_COMPOSITE_STRESS;architecture=ARCH_PLANNING_PRIORITY
CASE_045,1,T03_CRUISE_FORWARD,5,5,Cruise Forward,nominal_mission,S05_COMPOSITE_STRESS,Composite Stress,urban_canyon,high,high,degraded,degraded,planner_stress+downlink_loss+sensor_drop,ARCH_COMM_REDUCED,Communication Reduced,comm_guard_map_v2,recommend_then_confirm,link_resilience,tracking_rmse_or_downlink_loss,240,20,5,yes,repeat=1;scenario=S05_COMPOSITE_STRESS;architecture=ARCH_COMM_REDUCED
CASE_046,1,T04_PLAN_AVOID,24,24,Planning Avoidance,planning_mission,S01_OPEN_NOMINAL,Open Nominal,open_field,low,low,nominal,nominal,nominal,ARCH_BASELINE_BALANCED,Baseline Balanced,baseline_map_v1,observe_only,reference,planning_time_or_avoid_trigger,240,20,5,yes,repeat=1;scenario=S01_OPEN_NOMINAL;architecture=ARCH_BASELINE_BALANCED
CASE_047,1,T04_PLAN_AVOID,24,24,Planning Avoidance,planning_mission,S01_OPEN_NOMINAL,Open Nominal,open_field,low,low,nominal,nominal,nominal,ARCH_PLANNING_PRIORITY,Planning Priority,planner_priority_map_v2,recommend_then_confirm,planning_latency,planning_time_or_avoid_trigger,240,20,5,yes,repeat=1;scenario=S01_OPEN_NOMINAL;architecture=ARCH_PLANNING_PRIORITY
CASE_048,1,T04_PLAN_AVOID,24,24,Planning Avoidance,planning_mission,S01_OPEN_NOMINAL,Open Nominal,open_field,low,low,nominal,nominal,nominal,ARCH_COMM_REDUCED,Communication Reduced,comm_guard_map_v2,recommend_then_confirm,link_resilience,planning_time_or_avoid_trigger,240,20,5,yes,repeat=1;scenario=S01_OPEN_NOMINAL;architecture=ARCH_COMM_REDUCED
CASE_049,1,T04_PLAN_AVOID,24,24,Planning Avoidance,planning_mission,S02_OPEN_WIND_GUST,Open Wind Gust,open_field,low,high,nominal,nominal,wind_gust,ARCH_BASELINE_BALANCED,Baseline Balanced,baseline_map_v1,observe_only,reference,planning_time_or_avoid_trigger,240,20,5,yes,repeat=1;scenario=S02_OPEN_WIND_GUST;architecture=ARCH_BASELINE_BALANCED
CASE_050,1,T04_PLAN_AVOID,24,24,Planning Avoidance,planning_mission,S02_OPEN_WIND_GUST,Open Wind Gust,open_field,low,high,nominal,nominal,wind_gust,ARCH_PLANNING_PRIORITY,Planning Priority,planner_priority_map_v2,recommend_then_confirm,planning_latency,planning_time_or_avoid_trigger,240,20,5,yes,repeat=1;scenario=S02_OPEN_WIND_GUST;architecture=ARCH_PLANNING_PRIORITY
CASE_051,1,T04_PLAN_AVOID,24,24,Planning Avoidance,planning_mission,S02_OPEN_WIND_GUST,Open Wind Gust,open_field,low,high,nominal,nominal,wind_gust,ARCH_COMM_REDUCED,Communication Reduced,comm_guard_map_v2,recommend_then_confirm,link_resilience,planning_time_or_avoid_trigger,240,20,5,yes,repeat=1;scenario=S02_OPEN_WIND_GUST;architecture=ARCH_COMM_REDUCED
CASE_052,1,T04_PLAN_AVOID,24,24,Planning Avoidance,planning_mission,S03_DENSE_OBSTACLE,Dense Obstacle,corridor_obstacle_zone,high,medium,nominal,nominal,planner_stress,ARCH_BASELINE_BALANCED,Baseline Balanced,baseline_map_v1,observe_only,reference,planning_time_or_avoid_trigger,240,20,5,yes,repeat=1;scenario=S03_DENSE_OBSTACLE;architecture=ARCH_BASELINE_BALANCED
CASE_053,1,T04_PLAN_AVOID,24,24,Planning Avoidance,planning_mission,S03_DENSE_OBSTACLE,Dense Obstacle,corridor_obstacle_zone,high,medium,nominal,nominal,planner_stress,ARCH_PLANNING_PRIORITY,Planning Priority,planner_priority_map_v2,recommend_then_confirm,planning_latency,planning_time_or_avoid_trigger,240,20,5,yes,repeat=1;scenario=S03_DENSE_OBSTACLE;architecture=ARCH_PLANNING_PRIORITY
CASE_054,1,T04_PLAN_AVOID,24,24,Planning Avoidance,planning_mission,S03_DENSE_OBSTACLE,Dense Obstacle,corridor_obstacle_zone,high,medium,nominal,nominal,planner_stress,ARCH_COMM_REDUCED,Communication Reduced,comm_guard_map_v2,recommend_then_confirm,link_resilience,planning_time_or_avoid_trigger,240,20,5,yes,repeat=1;scenario=S03_DENSE_OBSTACLE;architecture=ARCH_COMM_REDUCED
CASE_055,1,T04_PLAN_AVOID,24,24,Planning Avoidance,planning_mission,S04_LINK_DEGRADED,Link Degraded,semi_urban,medium,medium,degraded,nominal,downlink_loss,ARCH_BASELINE_BALANCED,Baseline Balanced,baseline_map_v1,observe_only,reference,planning_time_or_avoid_trigger,240,20,5,yes,repeat=1;scenario=S04_LINK_DEGRADED;architecture=ARCH_BASELINE_BALANCED
CASE_056,1,T04_PLAN_AVOID,24,24,Planning Avoidance,planning_mission,S04_LINK_DEGRADED,Link Degraded,semi_urban,medium,medium,degraded,nominal,downlink_loss,ARCH_PLANNING_PRIORITY,Planning Priority,planner_priority_map_v2,recommend_then_confirm,planning_latency,planning_time_or_avoid_trigger,240,20,5,yes,repeat=1;scenario=S04_LINK_DEGRADED;architecture=ARCH_PLANNING_PRIORITY
CASE_057,1,T04_PLAN_AVOID,24,24,Planning Avoidance,planning_mission,S04_LINK_DEGRADED,Link Degraded,semi_urban,medium,medium,degraded,nominal,downlink_loss,ARCH_COMM_REDUCED,Communication Reduced,comm_guard_map_v2,recommend_then_confirm,link_resilience,planning_time_or_avoid_trigger,240,20,5,yes,repeat=1;scenario=S04_LINK_DEGRADED;architecture=ARCH_COMM_REDUCED
CASE_058,1,T04_PLAN_AVOID,24,24,Planning Avoidance,planning_mission,S05_COMPOSITE_STRESS,Composite Stress,urban_canyon,high,high,degraded,degraded,planner_stress+downlink_loss+sensor_drop,ARCH_BASELINE_BALANCED,Baseline Balanced,baseline_map_v1,observe_only,reference,planning_time_or_avoid_trigger,240,20,5,yes,repeat=1;scenario=S05_COMPOSITE_STRESS;architecture=ARCH_BASELINE_BALANCED
CASE_059,1,T04_PLAN_AVOID,24,24,Planning Avoidance,planning_mission,S05_COMPOSITE_STRESS,Composite Stress,urban_canyon,high,high,degraded,degraded,planner_stress+downlink_loss+sensor_drop,ARCH_PLANNING_PRIORITY,Planning Priority,planner_priority_map_v2,recommend_then_confirm,planning_latency,planning_time_or_avoid_trigger,240,20,5,yes,repeat=1;scenario=S05_COMPOSITE_STRESS;architecture=ARCH_PLANNING_PRIORITY
CASE_060,1,T04_PLAN_AVOID,24,24,Planning Avoidance,planning_mission,S05_COMPOSITE_STRESS,Composite Stress,urban_canyon,high,high,degraded,degraded,planner_stress+downlink_loss+sensor_drop,ARCH_COMM_REDUCED,Communication Reduced,comm_guard_map_v2,recommend_then_confirm,link_resilience,planning_time_or_avoid_trigger,240,20,5,yes,repeat=1;scenario=S05_COMPOSITE_STRESS;architecture=ARCH_COMM_REDUCED
CASE_061,1,T05_RETURN_HOME,17,17,Return Home,recovery,S01_OPEN_NOMINAL,Open Nominal,open_field,low,low,nominal,nominal,nominal,ARCH_BASELINE_BALANCED,Baseline Balanced,baseline_map_v1,observe_only,reference,mission_reliability_or_gcs_fail,180,20,5,yes,repeat=1;scenario=S01_OPEN_NOMINAL;architecture=ARCH_BASELINE_BALANCED
CASE_062,1,T05_RETURN_HOME,17,17,Return Home,recovery,S01_OPEN_NOMINAL,Open Nominal,open_field,low,low,nominal,nominal,nominal,ARCH_PLANNING_PRIORITY,Planning Priority,planner_priority_map_v2,recommend_then_confirm,planning_latency,mission_reliability_or_gcs_fail,180,20,5,yes,repeat=1;scenario=S01_OPEN_NOMINAL;architecture=ARCH_PLANNING_PRIORITY
CASE_063,1,T05_RETURN_HOME,17,17,Return Home,recovery,S01_OPEN_NOMINAL,Open Nominal,open_field,low,low,nominal,nominal,nominal,ARCH_COMM_REDUCED,Communication Reduced,comm_guard_map_v2,recommend_then_confirm,link_resilience,mission_reliability_or_gcs_fail,180,20,5,yes,repeat=1;scenario=S01_OPEN_NOMINAL;architecture=ARCH_COMM_REDUCED
CASE_064,1,T05_RETURN_HOME,17,17,Return Home,recovery,S02_OPEN_WIND_GUST,Open Wind Gust,open_field,low,high,nominal,nominal,wind_gust,ARCH_BASELINE_BALANCED,Baseline Balanced,baseline_map_v1,observe_only,reference,mission_reliability_or_gcs_fail,180,20,5,yes,repeat=1;scenario=S02_OPEN_WIND_GUST;architecture=ARCH_BASELINE_BALANCED
CASE_065,1,T05_RETURN_HOME,17,17,Return Home,recovery,S02_OPEN_WIND_GUST,Open Wind Gust,open_field,low,high,nominal,nominal,wind_gust,ARCH_PLANNING_PRIORITY,Planning Priority,planner_priority_map_v2,recommend_then_confirm,planning_latency,mission_reliability_or_gcs_fail,180,20,5,yes,repeat=1;scenario=S02_OPEN_WIND_GUST;architecture=ARCH_PLANNING_PRIORITY
CASE_066,1,T05_RETURN_HOME,17,17,Return Home,recovery,S02_OPEN_WIND_GUST,Open Wind Gust,open_field,low,high,nominal,nominal,wind_gust,ARCH_COMM_REDUCED,Communication Reduced,comm_guard_map_v2,recommend_then_confirm,link_resilience,mission_reliability_or_gcs_fail,180,20,5,yes,repeat=1;scenario=S02_OPEN_WIND_GUST;architecture=ARCH_COMM_REDUCED
CASE_067,1,T05_RETURN_HOME,17,17,Return Home,recovery,S03_DENSE_OBSTACLE,Dense Obstacle,corridor_obstacle_zone,high,medium,nominal,nominal,planner_stress,ARCH_BASELINE_BALANCED,Baseline Balanced,baseline_map_v1,observe_only,reference,mission_reliability_or_gcs_fail,180,20,5,yes,repeat=1;scenario=S03_DENSE_OBSTACLE;architecture=ARCH_BASELINE_BALANCED
CASE_068,1,T05_RETURN_HOME,17,17,Return Home,recovery,S03_DENSE_OBSTACLE,Dense Obstacle,corridor_obstacle_zone,high,medium,nominal,nominal,planner_stress,ARCH_PLANNING_PRIORITY,Planning Priority,planner_priority_map_v2,recommend_then_confirm,planning_latency,mission_reliability_or_gcs_fail,180,20,5,yes,repeat=1;scenario=S03_DENSE_OBSTACLE;architecture=ARCH_PLANNING_PRIORITY
CASE_069,1,T05_RETURN_HOME,17,17,Return Home,recovery,S03_DENSE_OBSTACLE,Dense Obstacle,corridor_obstacle_zone,high,medium,nominal,nominal,planner_stress,ARCH_COMM_REDUCED,Communication Reduced,comm_guard_map_v2,recommend_then_confirm,link_resilience,mission_reliability_or_gcs_fail,180,20,5,yes,repeat=1;scenario=S03_DENSE_OBSTACLE;architecture=ARCH_COMM_REDUCED
CASE_070,1,T05_RETURN_HOME,17,17,Return Home,recovery,S04_LINK_DEGRADED,Link Degraded,semi_urban,medium,medium,degraded,nominal,downlink_loss,ARCH_BASELINE_BALANCED,Baseline Balanced,baseline_map_v1,observe_only,reference,mission_reliability_or_gcs_fail,180,20,5,yes,repeat=1;scenario=S04_LINK_DEGRADED;architecture=ARCH_BASELINE_BALANCED
CASE_071,1,T05_RETURN_HOME,17,17,Return Home,recovery,S04_LINK_DEGRADED,Link Degraded,semi_urban,medium,medium,degraded,nominal,downlink_loss,ARCH_PLANNING_PRIORITY,Planning Priority,planner_priority_map_v2,recommend_then_confirm,planning_latency,mission_reliability_or_gcs_fail,180,20,5,yes,repeat=1;scenario=S04_LINK_DEGRADED;architecture=ARCH_PLANNING_PRIORITY
CASE_072,1,T05_RETURN_HOME,17,17,Return Home,recovery,S04_LINK_DEGRADED,Link Degraded,semi_urban,medium,medium,degraded,nominal,downlink_loss,ARCH_COMM_REDUCED,Communication Reduced,comm_guard_map_v2,recommend_then_confirm,link_resilience,mission_reliability_or_gcs_fail,180,20,5,yes,repeat=1;scenario=S04_LINK_DEGRADED;architecture=ARCH_COMM_REDUCED
CASE_073,1,T05_RETURN_HOME,17,17,Return Home,recovery,S05_COMPOSITE_STRESS,Composite Stress,urban_canyon,high,high,degraded,degraded,planner_stress+downlink_loss+sensor_drop,ARCH_BASELINE_BALANCED,Baseline Balanced,baseline_map_v1,observe_only,reference,mission_reliability_or_gcs_fail,180,20,5,yes,repeat=1;scenario=S05_COMPOSITE_STRESS;architecture=ARCH_BASELINE_BALANCED
CASE_074,1,T05_RETURN_HOME,17,17,Return Home,recovery,S05_COMPOSITE_STRESS,Composite Stress,urban_canyon,high,high,degraded,degraded,planner_stress+downlink_loss+sensor_drop,ARCH_PLANNING_PRIORITY,Planning Priority,planner_priority_map_v2,recommend_then_confirm,planning_latency,mission_reliability_or_gcs_fail,180,20,5,yes,repeat=1;scenario=S05_COMPOSITE_STRESS;architecture=ARCH_PLANNING_PRIORITY
CASE_075,1,T05_RETURN_HOME,17,17,Return Home,recovery,S05_COMPOSITE_STRESS,Composite Stress,urban_canyon,high,high,degraded,degraded,planner_stress+downlink_loss+sensor_drop,ARCH_COMM_REDUCED,Communication Reduced,comm_guard_map_v2,recommend_then_confirm,link_resilience,mission_reliability_or_gcs_fail,180,20,5,yes,repeat=1;scenario=S05_COMPOSITE_STRESS;architecture=ARCH_COMM_REDUCED
CASE_076,1,T06_AUTO_LAND,15,15,Auto Land,landing,S01_OPEN_NOMINAL,Open Nominal,open_field,low,low,nominal,nominal,nominal,ARCH_BASELINE_BALANCED,Baseline Balanced,baseline_map_v1,observe_only,reference,descent_rate_or_tracking_rmse,150,20,5,yes,repeat=1;scenario=S01_OPEN_NOMINAL;architecture=ARCH_BASELINE_BALANCED
CASE_077,1,T06_AUTO_LAND,15,15,Auto Land,landing,S01_OPEN_NOMINAL,Open Nominal,open_field,low,low,nominal,nominal,nominal,ARCH_PLANNING_PRIORITY,Planning Priority,planner_priority_map_v2,recommend_then_confirm,planning_latency,descent_rate_or_tracking_rmse,150,20,5,yes,repeat=1;scenario=S01_OPEN_NOMINAL;architecture=ARCH_PLANNING_PRIORITY
CASE_078,1,T06_AUTO_LAND,15,15,Auto Land,landing,S01_OPEN_NOMINAL,Open Nominal,open_field,low,low,nominal,nominal,nominal,ARCH_COMM_REDUCED,Communication Reduced,comm_guard_map_v2,recommend_then_confirm,link_resilience,descent_rate_or_tracking_rmse,150,20,5,yes,repeat=1;scenario=S01_OPEN_NOMINAL;architecture=ARCH_COMM_REDUCED
CASE_079,1,T06_AUTO_LAND,15,15,Auto Land,landing,S02_OPEN_WIND_GUST,Open Wind Gust,open_field,low,high,nominal,nominal,wind_gust,ARCH_BASELINE_BALANCED,Baseline Balanced,baseline_map_v1,observe_only,reference,descent_rate_or_tracking_rmse,150,20,5,yes,repeat=1;scenario=S02_OPEN_WIND_GUST;architecture=ARCH_BASELINE_BALANCED
CASE_080,1,T06_AUTO_LAND,15,15,Auto Land,landing,S02_OPEN_WIND_GUST,Open Wind Gust,open_field,low,high,nominal,nominal,wind_gust,ARCH_PLANNING_PRIORITY,Planning Priority,planner_priority_map_v2,recommend_then_confirm,planning_latency,descent_rate_or_tracking_rmse,150,20,5,yes,repeat=1;scenario=S02_OPEN_WIND_GUST;architecture=ARCH_PLANNING_PRIORITY
CASE_081,1,T06_AUTO_LAND,15,15,Auto Land,landing,S02_OPEN_WIND_GUST,Open Wind Gust,open_field,low,high,nominal,nominal,wind_gust,ARCH_COMM_REDUCED,Communication Reduced,comm_guard_map_v2,recommend_then_confirm,link_resilience,descent_rate_or_tracking_rmse,150,20,5,yes,repeat=1;scenario=S02_OPEN_WIND_GUST;architecture=ARCH_COMM_REDUCED
CASE_082,1,T06_AUTO_LAND,15,15,Auto Land,landing,S03_DENSE_OBSTACLE,Dense Obstacle,corridor_obstacle_zone,high,medium,nominal,nominal,planner_stress,ARCH_BASELINE_BALANCED,Baseline Balanced,baseline_map_v1,observe_only,reference,descent_rate_or_tracking_rmse,150,20,5,yes,repeat=1;scenario=S03_DENSE_OBSTACLE;architecture=ARCH_BASELINE_BALANCED
CASE_083,1,T06_AUTO_LAND,15,15,Auto Land,landing,S03_DENSE_OBSTACLE,Dense Obstacle,corridor_obstacle_zone,high,medium,nominal,nominal,planner_stress,ARCH_PLANNING_PRIORITY,Planning Priority,planner_priority_map_v2,recommend_then_confirm,planning_latency,descent_rate_or_tracking_rmse,150,20,5,yes,repeat=1;scenario=S03_DENSE_OBSTACLE;architecture=ARCH_PLANNING_PRIORITY
CASE_084,1,T06_AUTO_LAND,15,15,Auto Land,landing,S03_DENSE_OBSTACLE,Dense Obstacle,corridor_obstacle_zone,high,medium,nominal,nominal,planner_stress,ARCH_COMM_REDUCED,Communication Reduced,comm_guard_map_v2,recommend_then_confirm,link_resilience,descent_rate_or_tracking_rmse,150,20,5,yes,repeat=1;scenario=S03_DENSE_OBSTACLE;architecture=ARCH_COMM_REDUCED
CASE_085,1,T06_AUTO_LAND,15,15,Auto Land,landing,S04_LINK_DEGRADED,Link Degraded,semi_urban,medium,medium,degraded,nominal,downlink_loss,ARCH_BASELINE_BALANCED,Baseline Balanced,baseline_map_v1,observe_only,reference,descent_rate_or_tracking_rmse,150,20,5,yes,repeat=1;scenario=S04_LINK_DEGRADED;architecture=ARCH_BASELINE_BALANCED
CASE_086,1,T06_AUTO_LAND,15,15,Auto Land,landing,S04_LINK_DEGRADED,Link Degraded,semi_urban,medium,medium,degraded,nominal,downlink_loss,ARCH_PLANNING_PRIORITY,Planning Priority,planner_priority_map_v2,recommend_then_confirm,planning_latency,descent_rate_or_tracking_rmse,150,20,5,yes,repeat=1;scenario=S04_LINK_DEGRADED;architecture=ARCH_PLANNING_PRIORITY
CASE_087,1,T06_AUTO_LAND,15,15,Auto Land,landing,S04_LINK_DEGRADED,Link Degraded,semi_urban,medium,medium,degraded,nominal,downlink_loss,ARCH_COMM_REDUCED,Communication Reduced,comm_guard_map_v2,recommend_then_confirm,link_resilience,descent_rate_or_tracking_rmse,150,20,5,yes,repeat=1;scenario=S04_LINK_DEGRADED;architecture=ARCH_COMM_REDUCED
CASE_088,1,T06_AUTO_LAND,15,15,Auto Land,landing,S05_COMPOSITE_STRESS,Composite Stress,urban_canyon,high,high,degraded,degraded,planner_stress+downlink_loss+sensor_drop,ARCH_BASELINE_BALANCED,Baseline Balanced,baseline_map_v1,observe_only,reference,descent_rate_or_tracking_rmse,150,20,5,yes,repeat=1;scenario=S05_COMPOSITE_STRESS;architecture=ARCH_BASELINE_BALANCED
CASE_089,1,T06_AUTO_LAND,15,15,Auto Land,landing,S05_COMPOSITE_STRESS,Composite Stress,urban_canyon,high,high,degraded,degraded,planner_stress+downlink_loss+sensor_drop,ARCH_PLANNING_PRIORITY,Planning Priority,planner_priority_map_v2,recommend_then_confirm,planning_latency,descent_rate_or_tracking_rmse,150,20,5,yes,repeat=1;scenario=S05_COMPOSITE_STRESS;architecture=ARCH_PLANNING_PRIORITY
CASE_090,1,T06_AUTO_LAND,15,15,Auto Land,landing,S05_COMPOSITE_STRESS,Composite Stress,urban_canyon,high,high,degraded,degraded,planner_stress+downlink_loss+sensor_drop,ARCH_COMM_REDUCED,Communication Reduced,comm_guard_map_v2,recommend_then_confirm,link_resilience,descent_rate_or_tracking_rmse,150,20,5,yes,repeat=1;scenario=S05_COMPOSITE_STRESS;architecture=ARCH_COMM_REDUCED
CASE_091,2,T01_AUTO_TAKEOFF,14,4,Auto Takeoff,takeoff,S01_OPEN_NOMINAL,Open Nominal,open_field,low,low,nominal,nominal,nominal,ARCH_BASELINE_BALANCED,Baseline Balanced,baseline_map_v1,observe_only,reference,control_jitter_or_attitude_peak,150,20,5,yes,repeat=2;scenario=S01_OPEN_NOMINAL;architecture=ARCH_BASELINE_BALANCED
CASE_092,2,T01_AUTO_TAKEOFF,14,4,Auto Takeoff,takeoff,S01_OPEN_NOMINAL,Open Nominal,open_field,low,low,nominal,nominal,nominal,ARCH_PLANNING_PRIORITY,Planning Priority,planner_priority_map_v2,recommend_then_confirm,planning_latency,control_jitter_or_attitude_peak,150,20,5,yes,repeat=2;scenario=S01_OPEN_NOMINAL;architecture=ARCH_PLANNING_PRIORITY
CASE_093,2,T01_AUTO_TAKEOFF,14,4,Auto Takeoff,takeoff,S01_OPEN_NOMINAL,Open Nominal,open_field,low,low,nominal,nominal,nominal,ARCH_COMM_REDUCED,Communication Reduced,comm_guard_map_v2,recommend_then_confirm,link_resilience,control_jitter_or_attitude_peak,150,20,5,yes,repeat=2;scenario=S01_OPEN_NOMINAL;architecture=ARCH_COMM_REDUCED
CASE_094,2,T01_AUTO_TAKEOFF,14,4,Auto Takeoff,takeoff,S02_OPEN_WIND_GUST,Open Wind Gust,open_field,low,high,nominal,nominal,wind_gust,ARCH_BASELINE_BALANCED,Baseline Balanced,baseline_map_v1,observe_only,reference,control_jitter_or_attitude_peak,150,20,5,yes,repeat=2;scenario=S02_OPEN_WIND_GUST;architecture=ARCH_BASELINE_BALANCED
CASE_095,2,T01_AUTO_TAKEOFF,14,4,Auto Takeoff,takeoff,S02_OPEN_WIND_GUST,Open Wind Gust,open_field,low,high,nominal,nominal,wind_gust,ARCH_PLANNING_PRIORITY,Planning Priority,planner_priority_map_v2,recommend_then_confirm,planning_latency,control_jitter_or_attitude_peak,150,20,5,yes,repeat=2;scenario=S02_OPEN_WIND_GUST;architecture=ARCH_PLANNING_PRIORITY
CASE_096,2,T01_AUTO_TAKEOFF,14,4,Auto Takeoff,takeoff,S02_OPEN_WIND_GUST,Open Wind Gust,open_field,low,high,nominal,nominal,wind_gust,ARCH_COMM_REDUCED,Communication Reduced,comm_guard_map_v2,recommend_then_confirm,link_resilience,control_jitter_or_attitude_peak,150,20,5,yes,repeat=2;scenario=S02_OPEN_WIND_GUST;architecture=ARCH_COMM_REDUCED
CASE_097,2,T01_AUTO_TAKEOFF,14,4,Auto Takeoff,takeoff,S03_DENSE_OBSTACLE,Dense Obstacle,corridor_obstacle_zone,high,medium,nominal,nominal,planner_stress,ARCH_BASELINE_BALANCED,Baseline Balanced,baseline_map_v1,observe_only,reference,control_jitter_or_attitude_peak,150,20,5,yes,repeat=2;scenario=S03_DENSE_OBSTACLE;architecture=ARCH_BASELINE_BALANCED
CASE_098,2,T01_AUTO_TAKEOFF,14,4,Auto Takeoff,takeoff,S03_DENSE_OBSTACLE,Dense Obstacle,corridor_obstacle_zone,high,medium,nominal,nominal,planner_stress,ARCH_PLANNING_PRIORITY,Planning Priority,planner_priority_map_v2,recommend_then_confirm,planning_latency,control_jitter_or_attitude_peak,150,20,5,yes,repeat=2;scenario=S03_DENSE_OBSTACLE;architecture=ARCH_PLANNING_PRIORITY
CASE_099,2,T01_AUTO_TAKEOFF,14,4,Auto Takeoff,takeoff,S03_DENSE_OBSTACLE,Dense Obstacle,corridor_obstacle_zone,high,medium,nominal,nominal,planner_stress,ARCH_COMM_REDUCED,Communication Reduced,comm_guard_map_v2,recommend_then_confirm,link_resilience,control_jitter_or_attitude_peak,150,20,5,yes,repeat=2;scenario=S03_DENSE_OBSTACLE;architecture=ARCH_COMM_REDUCED
CASE_100,2,T01_AUTO_TAKEOFF,14,4,Auto Takeoff,takeoff,S04_LINK_DEGRADED,Link Degraded,semi_urban,medium,medium,degraded,nominal,downlink_loss,ARCH_BASELINE_BALANCED,Baseline Balanced,baseline_map_v1,observe_only,reference,control_jitter_or_attitude_peak,150,20,5,yes,repeat=2;scenario=S04_LINK_DEGRADED;architecture=ARCH_BASELINE_BALANCED
CASE_101,2,T01_AUTO_TAKEOFF,14,4,Auto Takeoff,takeoff,S04_LINK_DEGRADED,Link Degraded,semi_urban,medium,medium,degraded,nominal,downlink_loss,ARCH_PLANNING_PRIORITY,Planning Priority,planner_priority_map_v2,recommend_then_confirm,planning_latency,control_jitter_or_attitude_peak,150,20,5,yes,repeat=2;scenario=S04_LINK_DEGRADED;architecture=ARCH_PLANNING_PRIORITY
CASE_102,2,T01_AUTO_TAKEOFF,14,4,Auto Takeoff,takeoff,S04_LINK_DEGRADED,Link Degraded,semi_urban,medium,medium,degraded,nominal,downlink_loss,ARCH_COMM_REDUCED,Communication Reduced,comm_guard_map_v2,recommend_then_confirm,link_resilience,control_jitter_or_attitude_peak,150,20,5,yes,repeat=2;scenario=S04_LINK_DEGRADED;architecture=ARCH_COMM_REDUCED
CASE_103,2,T01_AUTO_TAKEOFF,14,4,Auto Takeoff,takeoff,S05_COMPOSITE_STRESS,Composite Stress,urban_canyon,high,high,degraded,degraded,planner_stress+downlink_loss+sensor_drop,ARCH_BASELINE_BALANCED,Baseline Balanced,baseline_map_v1,observe_only,reference,control_jitter_or_attitude_peak,150,20,5,yes,repeat=2;scenario=S05_COMPOSITE_STRESS;architecture=ARCH_BASELINE_BALANCED
CASE_104,2,T01_AUTO_TAKEOFF,14,4,Auto Takeoff,takeoff,S05_COMPOSITE_STRESS,Composite Stress,urban_canyon,high,high,degraded,degraded,planner_stress+downlink_loss+sensor_drop,ARCH_PLANNING_PRIORITY,Planning Priority,planner_priority_map_v2,recommend_then_confirm,planning_latency,control_jitter_or_attitude_peak,150,20,5,yes,repeat=2;scenario=S05_COMPOSITE_STRESS;architecture=ARCH_PLANNING_PRIORITY
CASE_105,2,T01_AUTO_TAKEOFF,14,4,Auto Takeoff,takeoff,S05_COMPOSITE_STRESS,Composite Stress,urban_canyon,high,high,degraded,degraded,planner_stress+downlink_loss+sensor_drop,ARCH_COMM_REDUCED,Communication Reduced,comm_guard_map_v2,recommend_then_confirm,link_resilience,control_jitter_or_attitude_peak,150,20,5,yes,repeat=2;scenario=S05_COMPOSITE_STRESS;architecture=ARCH_COMM_REDUCED
CASE_106,2,T02_HOVER_HOLD,16,16,Hover Hold,nominal_mission,S01_OPEN_NOMINAL,Open Nominal,open_field,low,low,nominal,nominal,nominal,ARCH_BASELINE_BALANCED,Baseline Balanced,baseline_map_v1,observe_only,reference,control_jitter_or_tracking_rmse,180,20,5,yes,repeat=2;scenario=S01_OPEN_NOMINAL;architecture=ARCH_BASELINE_BALANCED
CASE_107,2,T02_HOVER_HOLD,16,16,Hover Hold,nominal_mission,S01_OPEN_NOMINAL,Open Nominal,open_field,low,low,nominal,nominal,nominal,ARCH_PLANNING_PRIORITY,Planning Priority,planner_priority_map_v2,recommend_then_confirm,planning_latency,control_jitter_or_tracking_rmse,180,20,5,yes,repeat=2;scenario=S01_OPEN_NOMINAL;architecture=ARCH_PLANNING_PRIORITY
CASE_108,2,T02_HOVER_HOLD,16,16,Hover Hold,nominal_mission,S01_OPEN_NOMINAL,Open Nominal,open_field,low,low,nominal,nominal,nominal,ARCH_COMM_REDUCED,Communication Reduced,comm_guard_map_v2,recommend_then_confirm,link_resilience,control_jitter_or_tracking_rmse,180,20,5,yes,repeat=2;scenario=S01_OPEN_NOMINAL;architecture=ARCH_COMM_REDUCED
CASE_109,2,T02_HOVER_HOLD,16,16,Hover Hold,nominal_mission,S02_OPEN_WIND_GUST,Open Wind Gust,open_field,low,high,nominal,nominal,wind_gust,ARCH_BASELINE_BALANCED,Baseline Balanced,baseline_map_v1,observe_only,reference,control_jitter_or_tracking_rmse,180,20,5,yes,repeat=2;scenario=S02_OPEN_WIND_GUST;architecture=ARCH_BASELINE_BALANCED
CASE_110,2,T02_HOVER_HOLD,16,16,Hover Hold,nominal_mission,S02_OPEN_WIND_GUST,Open Wind Gust,open_field,low,high,nominal,nominal,wind_gust,ARCH_PLANNING_PRIORITY,Planning Priority,planner_priority_map_v2,recommend_then_confirm,planning_latency,control_jitter_or_tracking_rmse,180,20,5,yes,repeat=2;scenario=S02_OPEN_WIND_GUST;architecture=ARCH_PLANNING_PRIORITY
CASE_111,2,T02_HOVER_HOLD,16,16,Hover Hold,nominal_mission,S02_OPEN_WIND_GUST,Open Wind Gust,open_field,low,high,nominal,nominal,wind_gust,ARCH_COMM_REDUCED,Communication Reduced,comm_guard_map_v2,recommend_then_confirm,link_resilience,control_jitter_or_tracking_rmse,180,20,5,yes,repeat=2;scenario=S02_OPEN_WIND_GUST;architecture=ARCH_COMM_REDUCED
CASE_112,2,T02_HOVER_HOLD,16,16,Hover Hold,nominal_mission,S03_DENSE_OBSTACLE,Dense Obstacle,corridor_obstacle_zone,high,medium,nominal,nominal,planner_stress,ARCH_BASELINE_BALANCED,Baseline Balanced,baseline_map_v1,observe_only,reference,control_jitter_or_tracking_rmse,180,20,5,yes,repeat=2;scenario=S03_DENSE_OBSTACLE;architecture=ARCH_BASELINE_BALANCED
CASE_113,2,T02_HOVER_HOLD,16,16,Hover Hold,nominal_mission,S03_DENSE_OBSTACLE,Dense Obstacle,corridor_obstacle_zone,high,medium,nominal,nominal,planner_stress,ARCH_PLANNING_PRIORITY,Planning Priority,planner_priority_map_v2,recommend_then_confirm,planning_latency,control_jitter_or_tracking_rmse,180,20,5,yes,repeat=2;scenario=S03_DENSE_OBSTACLE;architecture=ARCH_PLANNING_PRIORITY
CASE_114,2,T02_HOVER_HOLD,16,16,Hover Hold,nominal_mission,S03_DENSE_OBSTACLE,Dense Obstacle,corridor_obstacle_zone,high,medium,nominal,nominal,planner_stress,ARCH_COMM_REDUCED,Communication Reduced,comm_guard_map_v2,recommend_then_confirm,link_resilience,control_jitter_or_tracking_rmse,180,20,5,yes,repeat=2;scenario=S03_DENSE_OBSTACLE;architecture=ARCH_COMM_REDUCED
CASE_115,2,T02_HOVER_HOLD,16,16,Hover Hold,nominal_mission,S04_LINK_DEGRADED,Link Degraded,semi_urban,medium,medium,degraded,nominal,downlink_loss,ARCH_BASELINE_BALANCED,Baseline Balanced,baseline_map_v1,observe_only,reference,control_jitter_or_tracking_rmse,180,20,5,yes,repeat=2;scenario=S04_LINK_DEGRADED;architecture=ARCH_BASELINE_BALANCED
CASE_116,2,T02_HOVER_HOLD,16,16,Hover Hold,nominal_mission,S04_LINK_DEGRADED,Link Degraded,semi_urban,medium,medium,degraded,nominal,downlink_loss,ARCH_PLANNING_PRIORITY,Planning Priority,planner_priority_map_v2,recommend_then_confirm,planning_latency,control_jitter_or_tracking_rmse,180,20,5,yes,repeat=2;scenario=S04_LINK_DEGRADED;architecture=ARCH_PLANNING_PRIORITY
CASE_117,2,T02_HOVER_HOLD,16,16,Hover Hold,nominal_mission,S04_LINK_DEGRADED,Link Degraded,semi_urban,medium,medium,degraded,nominal,downlink_loss,ARCH_COMM_REDUCED,Communication Reduced,comm_guard_map_v2,recommend_then_confirm,link_resilience,control_jitter_or_tracking_rmse,180,20,5,yes,repeat=2;scenario=S04_LINK_DEGRADED;architecture=ARCH_COMM_REDUCED
CASE_118,2,T02_HOVER_HOLD,16,16,Hover Hold,nominal_mission,S05_COMPOSITE_STRESS,Composite Stress,urban_canyon,high,high,degraded,degraded,planner_stress+downlink_loss+sensor_drop,ARCH_BASELINE_BALANCED,Baseline Balanced,baseline_map_v1,observe_only,reference,control_jitter_or_tracking_rmse,180,20,5,yes,repeat=2;scenario=S05_COMPOSITE_STRESS;architecture=ARCH_BASELINE_BALANCED
CASE_119,2,T02_HOVER_HOLD,16,16,Hover Hold,nominal_mission,S05_COMPOSITE_STRESS,Composite Stress,urban_canyon,high,high,degraded,degraded,planner_stress+downlink_loss+sensor_drop,ARCH_PLANNING_PRIORITY,Planning Priority,planner_priority_map_v2,recommend_then_confirm,planning_latency,control_jitter_or_tracking_rmse,180,20,5,yes,repeat=2;scenario=S05_COMPOSITE_STRESS;architecture=ARCH_PLANNING_PRIORITY
CASE_120,2,T02_HOVER_HOLD,16,16,Hover Hold,nominal_mission,S05_COMPOSITE_STRESS,Composite Stress,urban_canyon,high,high,degraded,degraded,planner_stress+downlink_loss+sensor_drop,ARCH_COMM_REDUCED,Communication Reduced,comm_guard_map_v2,recommend_then_confirm,link_resilience,control_jitter_or_tracking_rmse,180,20,5,yes,repeat=2;scenario=S05_COMPOSITE_STRESS;architecture=ARCH_COMM_REDUCED
CASE_121,2,T03_CRUISE_FORWARD,5,5,Cruise Forward,nominal_mission,S01_OPEN_NOMINAL,Open Nominal,open_field,low,low,nominal,nominal,nominal,ARCH_BASELINE_BALANCED,Baseline Balanced,baseline_map_v1,observe_only,reference,tracking_rmse_or_downlink_loss,240,20,5,yes,repeat=2;scenario=S01_OPEN_NOMINAL;architecture=ARCH_BASELINE_BALANCED
CASE_122,2,T03_CRUISE_FORWARD,5,5,Cruise Forward,nominal_mission,S01_OPEN_NOMINAL,Open Nominal,open_field,low,low,nominal,nominal,nominal,ARCH_PLANNING_PRIORITY,Planning Priority,planner_priority_map_v2,recommend_then_confirm,planning_latency,tracking_rmse_or_downlink_loss,240,20,5,yes,repeat=2;scenario=S01_OPEN_NOMINAL;architecture=ARCH_PLANNING_PRIORITY
CASE_123,2,T03_CRUISE_FORWARD,5,5,Cruise Forward,nominal_mission,S01_OPEN_NOMINAL,Open Nominal,open_field,low,low,nominal,nominal,nominal,ARCH_COMM_REDUCED,Communication Reduced,comm_guard_map_v2,recommend_then_confirm,link_resilience,tracking_rmse_or_downlink_loss,240,20,5,yes,repeat=2;scenario=S01_OPEN_NOMINAL;architecture=ARCH_COMM_REDUCED
CASE_124,2,T03_CRUISE_FORWARD,5,5,Cruise Forward,nominal_mission,S02_OPEN_WIND_GUST,Open Wind Gust,open_field,low,high,nominal,nominal,wind_gust,ARCH_BASELINE_BALANCED,Baseline Balanced,baseline_map_v1,observe_only,reference,tracking_rmse_or_downlink_loss,240,20,5,yes,repeat=2;scenario=S02_OPEN_WIND_GUST;architecture=ARCH_BASELINE_BALANCED
CASE_125,2,T03_CRUISE_FORWARD,5,5,Cruise Forward,nominal_mission,S02_OPEN_WIND_GUST,Open Wind Gust,open_field,low,high,nominal,nominal,wind_gust,ARCH_PLANNING_PRIORITY,Planning Priority,planner_priority_map_v2,recommend_then_confirm,planning_latency,tracking_rmse_or_downlink_loss,240,20,5,yes,repeat=2;scenario=S02_OPEN_WIND_GUST;architecture=ARCH_PLANNING_PRIORITY
CASE_126,2,T03_CRUISE_FORWARD,5,5,Cruise Forward,nominal_mission,S02_OPEN_WIND_GUST,Open Wind Gust,open_field,low,high,nominal,nominal,wind_gust,ARCH_COMM_REDUCED,Communication Reduced,comm_guard_map_v2,recommend_then_confirm,link_resilience,tracking_rmse_or_downlink_loss,240,20,5,yes,repeat=2;scenario=S02_OPEN_WIND_GUST;architecture=ARCH_COMM_REDUCED
CASE_127,2,T03_CRUISE_FORWARD,5,5,Cruise Forward,nominal_mission,S03_DENSE_OBSTACLE,Dense Obstacle,corridor_obstacle_zone,high,medium,nominal,nominal,planner_stress,ARCH_BASELINE_BALANCED,Baseline Balanced,baseline_map_v1,observe_only,reference,tracking_rmse_or_downlink_loss,240,20,5,yes,repeat=2;scenario=S03_DENSE_OBSTACLE;architecture=ARCH_BASELINE_BALANCED
CASE_128,2,T03_CRUISE_FORWARD,5,5,Cruise Forward,nominal_mission,S03_DENSE_OBSTACLE,Dense Obstacle,corridor_obstacle_zone,high,medium,nominal,nominal,planner_stress,ARCH_PLANNING_PRIORITY,Planning Priority,planner_priority_map_v2,recommend_then_confirm,planning_latency,tracking_rmse_or_downlink_loss,240,20,5,yes,repeat=2;scenario=S03_DENSE_OBSTACLE;architecture=ARCH_PLANNING_PRIORITY
CASE_129,2,T03_CRUISE_FORWARD,5,5,Cruise Forward,nominal_mission,S03_DENSE_OBSTACLE,Dense Obstacle,corridor_obstacle_zone,high,medium,nominal,nominal,planner_stress,ARCH_COMM_REDUCED,Communication Reduced,comm_guard_map_v2,recommend_then_confirm,link_resilience,tracking_rmse_or_downlink_loss,240,20,5,yes,repeat=2;scenario=S03_DENSE_OBSTACLE;architecture=ARCH_COMM_REDUCED
CASE_130,2,T03_CRUISE_FORWARD,5,5,Cruise Forward,nominal_mission,S04_LINK_DEGRADED,Link Degraded,semi_urban,medium,medium,degraded,nominal,downlink_loss,ARCH_BASELINE_BALANCED,Baseline Balanced,baseline_map_v1,observe_only,reference,tracking_rmse_or_downlink_loss,240,20,5,yes,repeat=2;scenario=S04_LINK_DEGRADED;architecture=ARCH_BASELINE_BALANCED
CASE_131,2,T03_CRUISE_FORWARD,5,5,Cruise Forward,nominal_mission,S04_LINK_DEGRADED,Link Degraded,semi_urban,medium,medium,degraded,nominal,downlink_loss,ARCH_PLANNING_PRIORITY,Planning Priority,planner_priority_map_v2,recommend_then_confirm,planning_latency,tracking_rmse_or_downlink_loss,240,20,5,yes,repeat=2;scenario=S04_LINK_DEGRADED;architecture=ARCH_PLANNING_PRIORITY
CASE_132,2,T03_CRUISE_FORWARD,5,5,Cruise Forward,nominal_mission,S04_LINK_DEGRADED,Link Degraded,semi_urban,medium,medium,degraded,nominal,downlink_loss,ARCH_COMM_REDUCED,Communication Reduced,comm_guard_map_v2,recommend_then_confirm,link_resilience,tracking_rmse_or_downlink_loss,240,20,5,yes,repeat=2;scenario=S04_LINK_DEGRADED;architecture=ARCH_COMM_REDUCED
CASE_133,2,T03_CRUISE_FORWARD,5,5,Cruise Forward,nominal_mission,S05_COMPOSITE_STRESS,Composite Stress,urban_canyon,high,high,degraded,degraded,planner_stress+downlink_loss+sensor_drop,ARCH_BASELINE_BALANCED,Baseline Balanced,baseline_map_v1,observe_only,reference,tracking_rmse_or_downlink_loss,240,20,5,yes,repeat=2;scenario=S05_COMPOSITE_STRESS;architecture=ARCH_BASELINE_BALANCED
CASE_134,2,T03_CRUISE_FORWARD,5,5,Cruise Forward,nominal_mission,S05_COMPOSITE_STRESS,Composite Stress,urban_canyon,high,high,degraded,degraded,planner_stress+downlink_loss+sensor_drop,ARCH_PLANNING_PRIORITY,Planning Priority,planner_priority_map_v2,recommend_then_confirm,planning_latency,tracking_rmse_or_downlink_loss,240,20,5,yes,repeat=2;scenario=S05_COMPOSITE_STRESS;architecture=ARCH_PLANNING_PRIORITY
CASE_135,2,T03_CRUISE_FORWARD,5,5,Cruise Forward,nominal_mission,S05_COMPOSITE_STRESS,Composite Stress,urban_canyon,high,high,degraded,degraded,planner_stress+downlink_loss+sensor_drop,ARCH_COMM_REDUCED,Communication Reduced,comm_guard_map_v2,recommend_then_confirm,link_resilience,tracking_rmse_or_downlink_loss,240,20,5,yes,repeat=2;scenario=S05_COMPOSITE_STRESS;architecture=ARCH_COMM_REDUCED
CASE_136,2,T04_PLAN_AVOID,24,24,Planning Avoidance,planning_mission,S01_OPEN_NOMINAL,Open Nominal,open_field,low,low,nominal,nominal,nominal,ARCH_BASELINE_BALANCED,Baseline Balanced,baseline_map_v1,observe_only,reference,planning_time_or_avoid_trigger,240,20,5,yes,repeat=2;scenario=S01_OPEN_NOMINAL;architecture=ARCH_BASELINE_BALANCED
CASE_137,2,T04_PLAN_AVOID,24,24,Planning Avoidance,planning_mission,S01_OPEN_NOMINAL,Open Nominal,open_field,low,low,nominal,nominal,nominal,ARCH_PLANNING_PRIORITY,Planning Priority,planner_priority_map_v2,recommend_then_confirm,planning_latency,planning_time_or_avoid_trigger,240,20,5,yes,repeat=2;scenario=S01_OPEN_NOMINAL;architecture=ARCH_PLANNING_PRIORITY
CASE_138,2,T04_PLAN_AVOID,24,24,Planning Avoidance,planning_mission,S01_OPEN_NOMINAL,Open Nominal,open_field,low,low,nominal,nominal,nominal,ARCH_COMM_REDUCED,Communication Reduced,comm_guard_map_v2,recommend_then_confirm,link_resilience,planning_time_or_avoid_trigger,240,20,5,yes,repeat=2;scenario=S01_OPEN_NOMINAL;architecture=ARCH_COMM_REDUCED
CASE_139,2,T04_PLAN_AVOID,24,24,Planning Avoidance,planning_mission,S02_OPEN_WIND_GUST,Open Wind Gust,open_field,low,high,nominal,nominal,wind_gust,ARCH_BASELINE_BALANCED,Baseline Balanced,baseline_map_v1,observe_only,reference,planning_time_or_avoid_trigger,240,20,5,yes,repeat=2;scenario=S02_OPEN_WIND_GUST;architecture=ARCH_BASELINE_BALANCED
CASE_140,2,T04_PLAN_AVOID,24,24,Planning Avoidance,planning_mission,S02_OPEN_WIND_GUST,Open Wind Gust,open_field,low,high,nominal,nominal,wind_gust,ARCH_PLANNING_PRIORITY,Planning Priority,planner_priority_map_v2,recommend_then_confirm,planning_latency,planning_time_or_avoid_trigger,240,20,5,yes,repeat=2;scenario=S02_OPEN_WIND_GUST;architecture=ARCH_PLANNING_PRIORITY
CASE_141,2,T04_PLAN_AVOID,24,24,Planning Avoidance,planning_mission,S02_OPEN_WIND_GUST,Open Wind Gust,open_field,low,high,nominal,nominal,wind_gust,ARCH_COMM_REDUCED,Communication Reduced,comm_guard_map_v2,recommend_then_confirm,link_resilience,planning_time_or_avoid_trigger,240,20,5,yes,repeat=2;scenario=S02_OPEN_WIND_GUST;architecture=ARCH_COMM_REDUCED
CASE_142,2,T04_PLAN_AVOID,24,24,Planning Avoidance,planning_mission,S03_DENSE_OBSTACLE,Dense Obstacle,corridor_obstacle_zone,high,medium,nominal,nominal,planner_stress,ARCH_BASELINE_BALANCED,Baseline Balanced,baseline_map_v1,observe_only,reference,planning_time_or_avoid_trigger,240,20,5,yes,repeat=2;scenario=S03_DENSE_OBSTACLE;architecture=ARCH_BASELINE_BALANCED
CASE_143,2,T04_PLAN_AVOID,24,24,Planning Avoidance,planning_mission,S03_DENSE_OBSTACLE,Dense Obstacle,corridor_obstacle_zone,high,medium,nominal,nominal,planner_stress,ARCH_PLANNING_PRIORITY,Planning Priority,planner_priority_map_v2,recommend_then_confirm,planning_latency,planning_time_or_avoid_trigger,240,20,5,yes,repeat=2;scenario=S03_DENSE_OBSTACLE;architecture=ARCH_PLANNING_PRIORITY
CASE_144,2,T04_PLAN_AVOID,24,24,Planning Avoidance,planning_mission,S03_DENSE_OBSTACLE,Dense Obstacle,corridor_obstacle_zone,high,medium,nominal,nominal,planner_stress,ARCH_COMM_REDUCED,Communication Reduced,comm_guard_map_v2,recommend_then_confirm,link_resilience,planning_time_or_avoid_trigger,240,20,5,yes,repeat=2;scenario=S03_DENSE_OBSTACLE;architecture=ARCH_COMM_REDUCED
CASE_145,2,T04_PLAN_AVOID,24,24,Planning Avoidance,planning_mission,S04_LINK_DEGRADED,Link Degraded,semi_urban,medium,medium,degraded,nominal,downlink_loss,ARCH_BASELINE_BALANCED,Baseline Balanced,baseline_map_v1,observe_only,reference,planning_time_or_avoid_trigger,240,20,5,yes,repeat=2;scenario=S04_LINK_DEGRADED;architecture=ARCH_BASELINE_BALANCED
CASE_146,2,T04_PLAN_AVOID,24,24,Planning Avoidance,planning_mission,S04_LINK_DEGRADED,Link Degraded,semi_urban,medium,medium,degraded,nominal,downlink_loss,ARCH_PLANNING_PRIORITY,Planning Priority,planner_priority_map_v2,recommend_then_confirm,planning_latency,planning_time_or_avoid_trigger,240,20,5,yes,repeat=2;scenario=S04_LINK_DEGRADED;architecture=ARCH_PLANNING_PRIORITY
CASE_147,2,T04_PLAN_AVOID,24,24,Planning Avoidance,planning_mission,S04_LINK_DEGRADED,Link Degraded,semi_urban,medium,medium,degraded,nominal,downlink_loss,ARCH_COMM_REDUCED,Communication Reduced,comm_guard_map_v2,recommend_then_confirm,link_resilience,planning_time_or_avoid_trigger,240,20,5,yes,repeat=2;scenario=S04_LINK_DEGRADED;architecture=ARCH_COMM_REDUCED
CASE_148,2,T04_PLAN_AVOID,24,24,Planning Avoidance,planning_mission,S05_COMPOSITE_STRESS,Composite Stress,urban_canyon,high,high,degraded,degraded,planner_stress+downlink_loss+sensor_drop,ARCH_BASELINE_BALANCED,Baseline Balanced,baseline_map_v1,observe_only,reference,planning_time_or_avoid_trigger,240,20,5,yes,repeat=2;scenario=S05_COMPOSITE_STRESS;architecture=ARCH_BASELINE_BALANCED
CASE_149,2,T04_PLAN_AVOID,24,24,Planning Avoidance,planning_mission,S05_COMPOSITE_STRESS,Composite Stress,urban_canyon,high,high,degraded,degraded,planner_stress+downlink_loss+sensor_drop,ARCH_PLANNING_PRIORITY,Planning Priority,planner_priority_map_v2,recommend_then_confirm,planning_latency,planning_time_or_avoid_trigger,240,20,5,yes,repeat=2;scenario=S05_COMPOSITE_STRESS;architecture=ARCH_PLANNING_PRIORITY
CASE_150,2,T04_PLAN_AVOID,24,24,Planning Avoidance,planning_mission,S05_COMPOSITE_STRESS,Composite Stress,urban_canyon,high,high,degraded,degraded,planner_stress+downlink_loss+sensor_drop,ARCH_COMM_REDUCED,Communication Reduced,comm_guard_map_v2,recommend_then_confirm,link_resilience,planning_time_or_avoid_trigger,240,20,5,yes,repeat=2;scenario=S05_COMPOSITE_STRESS;architecture=ARCH_COMM_REDUCED
CASE_151,2,T05_RETURN_HOME,17,17,Return Home,recovery,S01_OPEN_NOMINAL,Open Nominal,open_field,low,low,nominal,nominal,nominal,ARCH_BASELINE_BALANCED,Baseline Balanced,baseline_map_v1,observe_only,reference,mission_reliability_or_gcs_fail,180,20,5,yes,repeat=2;scenario=S01_OPEN_NOMINAL;architecture=ARCH_BASELINE_BALANCED
CASE_152,2,T05_RETURN_HOME,17,17,Return Home,recovery,S01_OPEN_NOMINAL,Open Nominal,open_field,low,low,nominal,nominal,nominal,ARCH_PLANNING_PRIORITY,Planning Priority,planner_priority_map_v2,recommend_then_confirm,planning_latency,mission_reliability_or_gcs_fail,180,20,5,yes,repeat=2;scenario=S01_OPEN_NOMINAL;architecture=ARCH_PLANNING_PRIORITY
CASE_153,2,T05_RETURN_HOME,17,17,Return Home,recovery,S01_OPEN_NOMINAL,Open Nominal,open_field,low,low,nominal,nominal,nominal,ARCH_COMM_REDUCED,Communication Reduced,comm_guard_map_v2,recommend_then_confirm,link_resilience,mission_reliability_or_gcs_fail,180,20,5,yes,repeat=2;scenario=S01_OPEN_NOMINAL;architecture=ARCH_COMM_REDUCED
CASE_154,2,T05_RETURN_HOME,17,17,Return Home,recovery,S02_OPEN_WIND_GUST,Open Wind Gust,open_field,low,high,nominal,nominal,wind_gust,ARCH_BASELINE_BALANCED,Baseline Balanced,baseline_map_v1,observe_only,reference,mission_reliability_or_gcs_fail,180,20,5,yes,repeat=2;scenario=S02_OPEN_WIND_GUST;architecture=ARCH_BASELINE_BALANCED
CASE_155,2,T05_RETURN_HOME,17,17,Return Home,recovery,S02_OPEN_WIND_GUST,Open Wind Gust,open_field,low,high,nominal,nominal,wind_gust,ARCH_PLANNING_PRIORITY,Planning Priority,planner_priority_map_v2,recommend_then_confirm,planning_latency,mission_reliability_or_gcs_fail,180,20,5,yes,repeat=2;scenario=S02_OPEN_WIND_GUST;architecture=ARCH_PLANNING_PRIORITY
CASE_156,2,T05_RETURN_HOME,17,17,Return Home,recovery,S02_OPEN_WIND_GUST,Open Wind Gust,open_field,low,high,nominal,nominal,wind_gust,ARCH_COMM_REDUCED,Communication Reduced,comm_guard_map_v2,recommend_then_confirm,link_resilience,mission_reliability_or_gcs_fail,180,20,5,yes,repeat=2;scenario=S02_OPEN_WIND_GUST;architecture=ARCH_COMM_REDUCED
CASE_157,2,T05_RETURN_HOME,17,17,Return Home,recovery,S03_DENSE_OBSTACLE,Dense Obstacle,corridor_obstacle_zone,high,medium,nominal,nominal,planner_stress,ARCH_BASELINE_BALANCED,Baseline Balanced,baseline_map_v1,observe_only,reference,mission_reliability_or_gcs_fail,180,20,5,yes,repeat=2;scenario=S03_DENSE_OBSTACLE;architecture=ARCH_BASELINE_BALANCED
CASE_158,2,T05_RETURN_HOME,17,17,Return Home,recovery,S03_DENSE_OBSTACLE,Dense Obstacle,corridor_obstacle_zone,high,medium,nominal,nominal,planner_stress,ARCH_PLANNING_PRIORITY,Planning Priority,planner_priority_map_v2,recommend_then_confirm,planning_latency,mission_reliability_or_gcs_fail,180,20,5,yes,repeat=2;scenario=S03_DENSE_OBSTACLE;architecture=ARCH_PLANNING_PRIORITY
CASE_159,2,T05_RETURN_HOME,17,17,Return Home,recovery,S03_DENSE_OBSTACLE,Dense Obstacle,corridor_obstacle_zone,high,medium,nominal,nominal,planner_stress,ARCH_COMM_REDUCED,Communication Reduced,comm_guard_map_v2,recommend_then_confirm,link_resilience,mission_reliability_or_gcs_fail,180,20,5,yes,repeat=2;scenario=S03_DENSE_OBSTACLE;architecture=ARCH_COMM_REDUCED
CASE_160,2,T05_RETURN_HOME,17,17,Return Home,recovery,S04_LINK_DEGRADED,Link Degraded,semi_urban,medium,medium,degraded,nominal,downlink_loss,ARCH_BASELINE_BALANCED,Baseline Balanced,baseline_map_v1,observe_only,reference,mission_reliability_or_gcs_fail,180,20,5,yes,repeat=2;scenario=S04_LINK_DEGRADED;architecture=ARCH_BASELINE_BALANCED
CASE_161,2,T05_RETURN_HOME,17,17,Return Home,recovery,S04_LINK_DEGRADED,Link Degraded,semi_urban,medium,medium,degraded,nominal,downlink_loss,ARCH_PLANNING_PRIORITY,Planning Priority,planner_priority_map_v2,recommend_then_confirm,planning_latency,mission_reliability_or_gcs_fail,180,20,5,yes,repeat=2;scenario=S04_LINK_DEGRADED;architecture=ARCH_PLANNING_PRIORITY
CASE_162,2,T05_RETURN_HOME,17,17,Return Home,recovery,S04_LINK_DEGRADED,Link Degraded,semi_urban,medium,medium,degraded,nominal,downlink_loss,ARCH_COMM_REDUCED,Communication Reduced,comm_guard_map_v2,recommend_then_confirm,link_resilience,mission_reliability_or_gcs_fail,180,20,5,yes,repeat=2;scenario=S04_LINK_DEGRADED;architecture=ARCH_COMM_REDUCED
CASE_163,2,T05_RETURN_HOME,17,17,Return Home,recovery,S05_COMPOSITE_STRESS,Composite Stress,urban_canyon,high,high,degraded,degraded,planner_stress+downlink_loss+sensor_drop,ARCH_BASELINE_BALANCED,Baseline Balanced,baseline_map_v1,observe_only,reference,mission_reliability_or_gcs_fail,180,20,5,yes,repeat=2;scenario=S05_COMPOSITE_STRESS;architecture=ARCH_BASELINE_BALANCED
CASE_164,2,T05_RETURN_HOME,17,17,Return Home,recovery,S05_COMPOSITE_STRESS,Composite Stress,urban_canyon,high,high,degraded,degraded,planner_stress+downlink_loss+sensor_drop,ARCH_PLANNING_PRIORITY,Planning Priority,planner_priority_map_v2,recommend_then_confirm,planning_latency,mission_reliability_or_gcs_fail,180,20,5,yes,repeat=2;scenario=S05_COMPOSITE_STRESS;architecture=ARCH_PLANNING_PRIORITY
CASE_165,2,T05_RETURN_HOME,17,17,Return Home,recovery,S05_COMPOSITE_STRESS,Composite Stress,urban_canyon,high,high,degraded,degraded,planner_stress+downlink_loss+sensor_drop,ARCH_COMM_REDUCED,Communication Reduced,comm_guard_map_v2,recommend_then_confirm,link_resilience,mission_reliability_or_gcs_fail,180,20,5,yes,repeat=2;scenario=S05_COMPOSITE_STRESS;architecture=ARCH_COMM_REDUCED
CASE_166,2,T06_AUTO_LAND,15,15,Auto Land,landing,S01_OPEN_NOMINAL,Open Nominal,open_field,low,low,nominal,nominal,nominal,ARCH_BASELINE_BALANCED,Baseline Balanced,baseline_map_v1,observe_only,reference,descent_rate_or_tracking_rmse,150,20,5,yes,repeat=2;scenario=S01_OPEN_NOMINAL;architecture=ARCH_BASELINE_BALANCED
CASE_167,2,T06_AUTO_LAND,15,15,Auto Land,landing,S01_OPEN_NOMINAL,Open Nominal,open_field,low,low,nominal,nominal,nominal,ARCH_PLANNING_PRIORITY,Planning Priority,planner_priority_map_v2,recommend_then_confirm,planning_latency,descent_rate_or_tracking_rmse,150,20,5,yes,repeat=2;scenario=S01_OPEN_NOMINAL;architecture=ARCH_PLANNING_PRIORITY
CASE_168,2,T06_AUTO_LAND,15,15,Auto Land,landing,S01_OPEN_NOMINAL,Open Nominal,open_field,low,low,nominal,nominal,nominal,ARCH_COMM_REDUCED,Communication Reduced,comm_guard_map_v2,recommend_then_confirm,link_resilience,descent_rate_or_tracking_rmse,150,20,5,yes,repeat=2;scenario=S01_OPEN_NOMINAL;architecture=ARCH_COMM_REDUCED
CASE_169,2,T06_AUTO_LAND,15,15,Auto Land,landing,S02_OPEN_WIND_GUST,Open Wind Gust,open_field,low,high,nominal,nominal,wind_gust,ARCH_BASELINE_BALANCED,Baseline Balanced,baseline_map_v1,observe_only,reference,descent_rate_or_tracking_rmse,150,20,5,yes,repeat=2;scenario=S02_OPEN_WIND_GUST;architecture=ARCH_BASELINE_BALANCED
CASE_170,2,T06_AUTO_LAND,15,15,Auto Land,landing,S02_OPEN_WIND_GUST,Open Wind Gust,open_field,low,high,nominal,nominal,wind_gust,ARCH_PLANNING_PRIORITY,Planning Priority,planner_priority_map_v2,recommend_then_confirm,planning_latency,descent_rate_or_tracking_rmse,150,20,5,yes,repeat=2;scenario=S02_OPEN_WIND_GUST;architecture=ARCH_PLANNING_PRIORITY
CASE_171,2,T06_AUTO_LAND,15,15,Auto Land,landing,S02_OPEN_WIND_GUST,Open Wind Gust,open_field,low,high,nominal,nominal,wind_gust,ARCH_COMM_REDUCED,Communication Reduced,comm_guard_map_v2,recommend_then_confirm,link_resilience,descent_rate_or_tracking_rmse,150,20,5,yes,repeat=2;scenario=S02_OPEN_WIND_GUST;architecture=ARCH_COMM_REDUCED
CASE_172,2,T06_AUTO_LAND,15,15,Auto Land,landing,S03_DENSE_OBSTACLE,Dense Obstacle,corridor_obstacle_zone,high,medium,nominal,nominal,planner_stress,ARCH_BASELINE_BALANCED,Baseline Balanced,baseline_map_v1,observe_only,reference,descent_rate_or_tracking_rmse,150,20,5,yes,repeat=2;scenario=S03_DENSE_OBSTACLE;architecture=ARCH_BASELINE_BALANCED
CASE_173,2,T06_AUTO_LAND,15,15,Auto Land,landing,S03_DENSE_OBSTACLE,Dense Obstacle,corridor_obstacle_zone,high,medium,nominal,nominal,planner_stress,ARCH_PLANNING_PRIORITY,Planning Priority,planner_priority_map_v2,recommend_then_confirm,planning_latency,descent_rate_or_tracking_rmse,150,20,5,yes,repeat=2;scenario=S03_DENSE_OBSTACLE;architecture=ARCH_PLANNING_PRIORITY
CASE_174,2,T06_AUTO_LAND,15,15,Auto Land,landing,S03_DENSE_OBSTACLE,Dense Obstacle,corridor_obstacle_zone,high,medium,nominal,nominal,planner_stress,ARCH_COMM_REDUCED,Communication Reduced,comm_guard_map_v2,recommend_then_confirm,link_resilience,descent_rate_or_tracking_rmse,150,20,5,yes,repeat=2;scenario=S03_DENSE_OBSTACLE;architecture=ARCH_COMM_REDUCED
CASE_175,2,T06_AUTO_LAND,15,15,Auto Land,landing,S04_LINK_DEGRADED,Link Degraded,semi_urban,medium,medium,degraded,nominal,downlink_loss,ARCH_BASELINE_BALANCED,Baseline Balanced,baseline_map_v1,observe_only,reference,descent_rate_or_tracking_rmse,150,20,5,yes,repeat=2;scenario=S04_LINK_DEGRADED;architecture=ARCH_BASELINE_BALANCED
CASE_176,2,T06_AUTO_LAND,15,15,Auto Land,landing,S04_LINK_DEGRADED,Link Degraded,semi_urban,medium,medium,degraded,nominal,downlink_loss,ARCH_PLANNING_PRIORITY,Planning Priority,planner_priority_map_v2,recommend_then_confirm,planning_latency,descent_rate_or_tracking_rmse,150,20,5,yes,repeat=2;scenario=S04_LINK_DEGRADED;architecture=ARCH_PLANNING_PRIORITY
CASE_177,2,T06_AUTO_LAND,15,15,Auto Land,landing,S04_LINK_DEGRADED,Link Degraded,semi_urban,medium,medium,degraded,nominal,downlink_loss,ARCH_COMM_REDUCED,Communication Reduced,comm_guard_map_v2,recommend_then_confirm,link_resilience,descent_rate_or_tracking_rmse,150,20,5,yes,repeat=2;scenario=S04_LINK_DEGRADED;architecture=ARCH_COMM_REDUCED
CASE_178,2,T06_AUTO_LAND,15,15,Auto Land,landing,S05_COMPOSITE_STRESS,Composite Stress,urban_canyon,high,high,degraded,degraded,planner_stress+downlink_loss+sensor_drop,ARCH_BASELINE_BALANCED,Baseline Balanced,baseline_map_v1,observe_only,reference,descent_rate_or_tracking_rmse,150,20,5,yes,repeat=2;scenario=S05_COMPOSITE_STRESS;architecture=ARCH_BASELINE_BALANCED
CASE_179,2,T06_AUTO_LAND,15,15,Auto Land,landing,S05_COMPOSITE_STRESS,Composite Stress,urban_canyon,high,high,degraded,degraded,planner_stress+downlink_loss+sensor_drop,ARCH_PLANNING_PRIORITY,Planning Priority,planner_priority_map_v2,recommend_then_confirm,planning_latency,descent_rate_or_tracking_rmse,150,20,5,yes,repeat=2;scenario=S05_COMPOSITE_STRESS;architecture=ARCH_PLANNING_PRIORITY
CASE_180,2,T06_AUTO_LAND,15,15,Auto Land,landing,S05_COMPOSITE_STRESS,Composite Stress,urban_canyon,high,high,degraded,degraded,planner_stress+downlink_loss+sensor_drop,ARCH_COMM_REDUCED,Communication Reduced,comm_guard_map_v2,recommend_then_confirm,link_resilience,descent_rate_or_tracking_rmse,150,20,5,yes,repeat=2;scenario=S05_COMPOSITE_STRESS;architecture=ARCH_COMM_REDUCED
CASE_181,3,T01_AUTO_TAKEOFF,14,4,Auto Takeoff,takeoff,S01_OPEN_NOMINAL,Open Nominal,open_field,low,low,nominal,nominal,nominal,ARCH_BASELINE_BALANCED,Baseline Balanced,baseline_map_v1,observe_only,reference,control_jitter_or_attitude_peak,150,20,5,yes,repeat=3;scenario=S01_OPEN_NOMINAL;architecture=ARCH_BASELINE_BALANCED
CASE_182,3,T01_AUTO_TAKEOFF,14,4,Auto Takeoff,takeoff,S01_OPEN_NOMINAL,Open Nominal,open_field,low,low,nominal,nominal,nominal,ARCH_PLANNING_PRIORITY,Planning Priority,planner_priority_map_v2,recommend_then_confirm,planning_latency,control_jitter_or_attitude_peak,150,20,5,yes,repeat=3;scenario=S01_OPEN_NOMINAL;architecture=ARCH_PLANNING_PRIORITY
CASE_183,3,T01_AUTO_TAKEOFF,14,4,Auto Takeoff,takeoff,S01_OPEN_NOMINAL,Open Nominal,open_field,low,low,nominal,nominal,nominal,ARCH_COMM_REDUCED,Communication Reduced,comm_guard_map_v2,recommend_then_confirm,link_resilience,control_jitter_or_attitude_peak,150,20,5,yes,repeat=3;scenario=S01_OPEN_NOMINAL;architecture=ARCH_COMM_REDUCED
CASE_184,3,T01_AUTO_TAKEOFF,14,4,Auto Takeoff,takeoff,S02_OPEN_WIND_GUST,Open Wind Gust,open_field,low,high,nominal,nominal,wind_gust,ARCH_BASELINE_BALANCED,Baseline Balanced,baseline_map_v1,observe_only,reference,control_jitter_or_attitude_peak,150,20,5,yes,repeat=3;scenario=S02_OPEN_WIND_GUST;architecture=ARCH_BASELINE_BALANCED
CASE_185,3,T01_AUTO_TAKEOFF,14,4,Auto Takeoff,takeoff,S02_OPEN_WIND_GUST,Open Wind Gust,open_field,low,high,nominal,nominal,wind_gust,ARCH_PLANNING_PRIORITY,Planning Priority,planner_priority_map_v2,recommend_then_confirm,planning_latency,control_jitter_or_attitude_peak,150,20,5,yes,repeat=3;scenario=S02_OPEN_WIND_GUST;architecture=ARCH_PLANNING_PRIORITY
CASE_186,3,T01_AUTO_TAKEOFF,14,4,Auto Takeoff,takeoff,S02_OPEN_WIND_GUST,Open Wind Gust,open_field,low,high,nominal,nominal,wind_gust,ARCH_COMM_REDUCED,Communication Reduced,comm_guard_map_v2,recommend_then_confirm,link_resilience,control_jitter_or_attitude_peak,150,20,5,yes,repeat=3;scenario=S02_OPEN_WIND_GUST;architecture=ARCH_COMM_REDUCED
CASE_187,3,T01_AUTO_TAKEOFF,14,4,Auto Takeoff,takeoff,S03_DENSE_OBSTACLE,Dense Obstacle,corridor_obstacle_zone,high,medium,nominal,nominal,planner_stress,ARCH_BASELINE_BALANCED,Baseline Balanced,baseline_map_v1,observe_only,reference,control_jitter_or_attitude_peak,150,20,5,yes,repeat=3;scenario=S03_DENSE_OBSTACLE;architecture=ARCH_BASELINE_BALANCED
CASE_188,3,T01_AUTO_TAKEOFF,14,4,Auto Takeoff,takeoff,S03_DENSE_OBSTACLE,Dense Obstacle,corridor_obstacle_zone,high,medium,nominal,nominal,planner_stress,ARCH_PLANNING_PRIORITY,Planning Priority,planner_priority_map_v2,recommend_then_confirm,planning_latency,control_jitter_or_attitude_peak,150,20,5,yes,repeat=3;scenario=S03_DENSE_OBSTACLE;architecture=ARCH_PLANNING_PRIORITY
CASE_189,3,T01_AUTO_TAKEOFF,14,4,Auto Takeoff,takeoff,S03_DENSE_OBSTACLE,Dense Obstacle,corridor_obstacle_zone,high,medium,nominal,nominal,planner_stress,ARCH_COMM_REDUCED,Communication Reduced,comm_guard_map_v2,recommend_then_confirm,link_resilience,control_jitter_or_attitude_peak,150,20,5,yes,repeat=3;scenario=S03_DENSE_OBSTACLE;architecture=ARCH_COMM_REDUCED
CASE_190,3,T01_AUTO_TAKEOFF,14,4,Auto Takeoff,takeoff,S04_LINK_DEGRADED,Link Degraded,semi_urban,medium,medium,degraded,nominal,downlink_loss,ARCH_BASELINE_BALANCED,Baseline Balanced,baseline_map_v1,observe_only,reference,control_jitter_or_attitude_peak,150,20,5,yes,repeat=3;scenario=S04_LINK_DEGRADED;architecture=ARCH_BASELINE_BALANCED
CASE_191,3,T01_AUTO_TAKEOFF,14,4,Auto Takeoff,takeoff,S04_LINK_DEGRADED,Link Degraded,semi_urban,medium,medium,degraded,nominal,downlink_loss,ARCH_PLANNING_PRIORITY,Planning Priority,planner_priority_map_v2,recommend_then_confirm,planning_latency,control_jitter_or_attitude_peak,150,20,5,yes,repeat=3;scenario=S04_LINK_DEGRADED;architecture=ARCH_PLANNING_PRIORITY
CASE_192,3,T01_AUTO_TAKEOFF,14,4,Auto Takeoff,takeoff,S04_LINK_DEGRADED,Link Degraded,semi_urban,medium,medium,degraded,nominal,downlink_loss,ARCH_COMM_REDUCED,Communication Reduced,comm_guard_map_v2,recommend_then_confirm,link_resilience,control_jitter_or_attitude_peak,150,20,5,yes,repeat=3;scenario=S04_LINK_DEGRADED;architecture=ARCH_COMM_REDUCED
CASE_193,3,T01_AUTO_TAKEOFF,14,4,Auto Takeoff,takeoff,S05_COMPOSITE_STRESS,Composite Stress,urban_canyon,high,high,degraded,degraded,planner_stress+downlink_loss+sensor_drop,ARCH_BASELINE_BALANCED,Baseline Balanced,baseline_map_v1,observe_only,reference,control_jitter_or_attitude_peak,150,20,5,yes,repeat=3;scenario=S05_COMPOSITE_STRESS;architecture=ARCH_BASELINE_BALANCED
CASE_194,3,T01_AUTO_TAKEOFF,14,4,Auto Takeoff,takeoff,S05_COMPOSITE_STRESS,Composite Stress,urban_canyon,high,high,degraded,degraded,planner_stress+downlink_loss+sensor_drop,ARCH_PLANNING_PRIORITY,Planning Priority,planner_priority_map_v2,recommend_then_confirm,planning_latency,control_jitter_or_attitude_peak,150,20,5,yes,repeat=3;scenario=S05_COMPOSITE_STRESS;architecture=ARCH_PLANNING_PRIORITY
CASE_195,3,T01_AUTO_TAKEOFF,14,4,Auto Takeoff,takeoff,S05_COMPOSITE_STRESS,Composite Stress,urban_canyon,high,high,degraded,degraded,planner_stress+downlink_loss+sensor_drop,ARCH_COMM_REDUCED,Communication Reduced,comm_guard_map_v2,recommend_then_confirm,link_resilience,control_jitter_or_attitude_peak,150,20,5,yes,repeat=3;scenario=S05_COMPOSITE_STRESS;architecture=ARCH_COMM_REDUCED
CASE_196,3,T02_HOVER_HOLD,16,16,Hover Hold,nominal_mission,S01_OPEN_NOMINAL,Open Nominal,open_field,low,low,nominal,nominal,nominal,ARCH_BASELINE_BALANCED,Baseline Balanced,baseline_map_v1,observe_only,reference,control_jitter_or_tracking_rmse,180,20,5,yes,repeat=3;scenario=S01_OPEN_NOMINAL;architecture=ARCH_BASELINE_BALANCED
CASE_197,3,T02_HOVER_HOLD,16,16,Hover Hold,nominal_mission,S01_OPEN_NOMINAL,Open Nominal,open_field,low,low,nominal,nominal,nominal,ARCH_PLANNING_PRIORITY,Planning Priority,planner_priority_map_v2,recommend_then_confirm,planning_latency,control_jitter_or_tracking_rmse,180,20,5,yes,repeat=3;scenario=S01_OPEN_NOMINAL;architecture=ARCH_PLANNING_PRIORITY
CASE_198,3,T02_HOVER_HOLD,16,16,Hover Hold,nominal_mission,S01_OPEN_NOMINAL,Open Nominal,open_field,low,low,nominal,nominal,nominal,ARCH_COMM_REDUCED,Communication Reduced,comm_guard_map_v2,recommend_then_confirm,link_resilience,control_jitter_or_tracking_rmse,180,20,5,yes,repeat=3;scenario=S01_OPEN_NOMINAL;architecture=ARCH_COMM_REDUCED
CASE_199,3,T02_HOVER_HOLD,16,16,Hover Hold,nominal_mission,S02_OPEN_WIND_GUST,Open Wind Gust,open_field,low,high,nominal,nominal,wind_gust,ARCH_BASELINE_BALANCED,Baseline Balanced,baseline_map_v1,observe_only,reference,control_jitter_or_tracking_rmse,180,20,5,yes,repeat=3;scenario=S02_OPEN_WIND_GUST;architecture=ARCH_BASELINE_BALANCED
CASE_200,3,T02_HOVER_HOLD,16,16,Hover Hold,nominal_mission,S02_OPEN_WIND_GUST,Open Wind Gust,open_field,low,high,nominal,nominal,wind_gust,ARCH_PLANNING_PRIORITY,Planning Priority,planner_priority_map_v2,recommend_then_confirm,planning_latency,control_jitter_or_tracking_rmse,180,20,5,yes,repeat=3;scenario=S02_OPEN_WIND_GUST;architecture=ARCH_PLANNING_PRIORITY
CASE_201,3,T02_HOVER_HOLD,16,16,Hover Hold,nominal_mission,S02_OPEN_WIND_GUST,Open Wind Gust,open_field,low,high,nominal,nominal,wind_gust,ARCH_COMM_REDUCED,Communication Reduced,comm_guard_map_v2,recommend_then_confirm,link_resilience,control_jitter_or_tracking_rmse,180,20,5,yes,repeat=3;scenario=S02_OPEN_WIND_GUST;architecture=ARCH_COMM_REDUCED
CASE_202,3,T02_HOVER_HOLD,16,16,Hover Hold,nominal_mission,S03_DENSE_OBSTACLE,Dense Obstacle,corridor_obstacle_zone,high,medium,nominal,nominal,planner_stress,ARCH_BASELINE_BALANCED,Baseline Balanced,baseline_map_v1,observe_only,reference,control_jitter_or_tracking_rmse,180,20,5,yes,repeat=3;scenario=S03_DENSE_OBSTACLE;architecture=ARCH_BASELINE_BALANCED
CASE_203,3,T02_HOVER_HOLD,16,16,Hover Hold,nominal_mission,S03_DENSE_OBSTACLE,Dense Obstacle,corridor_obstacle_zone,high,medium,nominal,nominal,planner_stress,ARCH_PLANNING_PRIORITY,Planning Priority,planner_priority_map_v2,recommend_then_confirm,planning_latency,control_jitter_or_tracking_rmse,180,20,5,yes,repeat=3;scenario=S03_DENSE_OBSTACLE;architecture=ARCH_PLANNING_PRIORITY
CASE_204,3,T02_HOVER_HOLD,16,16,Hover Hold,nominal_mission,S03_DENSE_OBSTACLE,Dense Obstacle,corridor_obstacle_zone,high,medium,nominal,nominal,planner_stress,ARCH_COMM_REDUCED,Communication Reduced,comm_guard_map_v2,recommend_then_confirm,link_resilience,control_jitter_or_tracking_rmse,180,20,5,yes,repeat=3;scenario=S03_DENSE_OBSTACLE;architecture=ARCH_COMM_REDUCED
CASE_205,3,T02_HOVER_HOLD,16,16,Hover Hold,nominal_mission,S04_LINK_DEGRADED,Link Degraded,semi_urban,medium,medium,degraded,nominal,downlink_loss,ARCH_BASELINE_BALANCED,Baseline Balanced,baseline_map_v1,observe_only,reference,control_jitter_or_tracking_rmse,180,20,5,yes,repeat=3;scenario=S04_LINK_DEGRADED;architecture=ARCH_BASELINE_BALANCED
CASE_206,3,T02_HOVER_HOLD,16,16,Hover Hold,nominal_mission,S04_LINK_DEGRADED,Link Degraded,semi_urban,medium,medium,degraded,nominal,downlink_loss,ARCH_PLANNING_PRIORITY,Planning Priority,planner_priority_map_v2,recommend_then_confirm,planning_latency,control_jitter_or_tracking_rmse,180,20,5,yes,repeat=3;scenario=S04_LINK_DEGRADED;architecture=ARCH_PLANNING_PRIORITY
CASE_207,3,T02_HOVER_HOLD,16,16,Hover Hold,nominal_mission,S04_LINK_DEGRADED,Link Degraded,semi_urban,medium,medium,degraded,nominal,downlink_loss,ARCH_COMM_REDUCED,Communication Reduced,comm_guard_map_v2,recommend_then_confirm,link_resilience,control_jitter_or_tracking_rmse,180,20,5,yes,repeat=3;scenario=S04_LINK_DEGRADED;architecture=ARCH_COMM_REDUCED
CASE_208,3,T02_HOVER_HOLD,16,16,Hover Hold,nominal_mission,S05_COMPOSITE_STRESS,Composite Stress,urban_canyon,high,high,degraded,degraded,planner_stress+downlink_loss+sensor_drop,ARCH_BASELINE_BALANCED,Baseline Balanced,baseline_map_v1,observe_only,reference,control_jitter_or_tracking_rmse,180,20,5,yes,repeat=3;scenario=S05_COMPOSITE_STRESS;architecture=ARCH_BASELINE_BALANCED
CASE_209,3,T02_HOVER_HOLD,16,16,Hover Hold,nominal_mission,S05_COMPOSITE_STRESS,Composite Stress,urban_canyon,high,high,degraded,degraded,planner_stress+downlink_loss+sensor_drop,ARCH_PLANNING_PRIORITY,Planning Priority,planner_priority_map_v2,recommend_then_confirm,planning_latency,control_jitter_or_tracking_rmse,180,20,5,yes,repeat=3;scenario=S05_COMPOSITE_STRESS;architecture=ARCH_PLANNING_PRIORITY
CASE_210,3,T02_HOVER_HOLD,16,16,Hover Hold,nominal_mission,S05_COMPOSITE_STRESS,Composite Stress,urban_canyon,high,high,degraded,degraded,planner_stress+downlink_loss+sensor_drop,ARCH_COMM_REDUCED,Communication Reduced,comm_guard_map_v2,recommend_then_confirm,link_resilience,control_jitter_or_tracking_rmse,180,20,5,yes,repeat=3;scenario=S05_COMPOSITE_STRESS;architecture=ARCH_COMM_REDUCED
CASE_211,3,T03_CRUISE_FORWARD,5,5,Cruise Forward,nominal_mission,S01_OPEN_NOMINAL,Open Nominal,open_field,low,low,nominal,nominal,nominal,ARCH_BASELINE_BALANCED,Baseline Balanced,baseline_map_v1,observe_only,reference,tracking_rmse_or_downlink_loss,240,20,5,yes,repeat=3;scenario=S01_OPEN_NOMINAL;architecture=ARCH_BASELINE_BALANCED
CASE_212,3,T03_CRUISE_FORWARD,5,5,Cruise Forward,nominal_mission,S01_OPEN_NOMINAL,Open Nominal,open_field,low,low,nominal,nominal,nominal,ARCH_PLANNING_PRIORITY,Planning Priority,planner_priority_map_v2,recommend_then_confirm,planning_latency,tracking_rmse_or_downlink_loss,240,20,5,yes,repeat=3;scenario=S01_OPEN_NOMINAL;architecture=ARCH_PLANNING_PRIORITY
CASE_213,3,T03_CRUISE_FORWARD,5,5,Cruise Forward,nominal_mission,S01_OPEN_NOMINAL,Open Nominal,open_field,low,low,nominal,nominal,nominal,ARCH_COMM_REDUCED,Communication Reduced,comm_guard_map_v2,recommend_then_confirm,link_resilience,tracking_rmse_or_downlink_loss,240,20,5,yes,repeat=3;scenario=S01_OPEN_NOMINAL;architecture=ARCH_COMM_REDUCED
CASE_214,3,T03_CRUISE_FORWARD,5,5,Cruise Forward,nominal_mission,S02_OPEN_WIND_GUST,Open Wind Gust,open_field,low,high,nominal,nominal,wind_gust,ARCH_BASELINE_BALANCED,Baseline Balanced,baseline_map_v1,observe_only,reference,tracking_rmse_or_downlink_loss,240,20,5,yes,repeat=3;scenario=S02_OPEN_WIND_GUST;architecture=ARCH_BASELINE_BALANCED
CASE_215,3,T03_CRUISE_FORWARD,5,5,Cruise Forward,nominal_mission,S02_OPEN_WIND_GUST,Open Wind Gust,open_field,low,high,nominal,nominal,wind_gust,ARCH_PLANNING_PRIORITY,Planning Priority,planner_priority_map_v2,recommend_then_confirm,planning_latency,tracking_rmse_or_downlink_loss,240,20,5,yes,repeat=3;scenario=S02_OPEN_WIND_GUST;architecture=ARCH_PLANNING_PRIORITY
CASE_216,3,T03_CRUISE_FORWARD,5,5,Cruise Forward,nominal_mission,S02_OPEN_WIND_GUST,Open Wind Gust,open_field,low,high,nominal,nominal,wind_gust,ARCH_COMM_REDUCED,Communication Reduced,comm_guard_map_v2,recommend_then_confirm,link_resilience,tracking_rmse_or_downlink_loss,240,20,5,yes,repeat=3;scenario=S02_OPEN_WIND_GUST;architecture=ARCH_COMM_REDUCED
CASE_217,3,T03_CRUISE_FORWARD,5,5,Cruise Forward,nominal_mission,S03_DENSE_OBSTACLE,Dense Obstacle,corridor_obstacle_zone,high,medium,nominal,nominal,planner_stress,ARCH_BASELINE_BALANCED,Baseline Balanced,baseline_map_v1,observe_only,reference,tracking_rmse_or_downlink_loss,240,20,5,yes,repeat=3;scenario=S03_DENSE_OBSTACLE;architecture=ARCH_BASELINE_BALANCED
CASE_218,3,T03_CRUISE_FORWARD,5,5,Cruise Forward,nominal_mission,S03_DENSE_OBSTACLE,Dense Obstacle,corridor_obstacle_zone,high,medium,nominal,nominal,planner_stress,ARCH_PLANNING_PRIORITY,Planning Priority,planner_priority_map_v2,recommend_then_confirm,planning_latency,tracking_rmse_or_downlink_loss,240,20,5,yes,repeat=3;scenario=S03_DENSE_OBSTACLE;architecture=ARCH_PLANNING_PRIORITY
CASE_219,3,T03_CRUISE_FORWARD,5,5,Cruise Forward,nominal_mission,S03_DENSE_OBSTACLE,Dense Obstacle,corridor_obstacle_zone,high,medium,nominal,nominal,planner_stress,ARCH_COMM_REDUCED,Communication Reduced,comm_guard_map_v2,recommend_then_confirm,link_resilience,tracking_rmse_or_downlink_loss,240,20,5,yes,repeat=3;scenario=S03_DENSE_OBSTACLE;architecture=ARCH_COMM_REDUCED
CASE_220,3,T03_CRUISE_FORWARD,5,5,Cruise Forward,nominal_mission,S04_LINK_DEGRADED,Link Degraded,semi_urban,medium,medium,degraded,nominal,downlink_loss,ARCH_BASELINE_BALANCED,Baseline Balanced,baseline_map_v1,observe_only,reference,tracking_rmse_or_downlink_loss,240,20,5,yes,repeat=3;scenario=S04_LINK_DEGRADED;architecture=ARCH_BASELINE_BALANCED
CASE_221,3,T03_CRUISE_FORWARD,5,5,Cruise Forward,nominal_mission,S04_LINK_DEGRADED,Link Degraded,semi_urban,medium,medium,degraded,nominal,downlink_loss,ARCH_PLANNING_PRIORITY,Planning Priority,planner_priority_map_v2,recommend_then_confirm,planning_latency,tracking_rmse_or_downlink_loss,240,20,5,yes,repeat=3;scenario=S04_LINK_DEGRADED;architecture=ARCH_PLANNING_PRIORITY
CASE_222,3,T03_CRUISE_FORWARD,5,5,Cruise Forward,nominal_mission,S04_LINK_DEGRADED,Link Degraded,semi_urban,medium,medium,degraded,nominal,downlink_loss,ARCH_COMM_REDUCED,Communication Reduced,comm_guard_map_v2,recommend_then_confirm,link_resilience,tracking_rmse_or_downlink_loss,240,20,5,yes,repeat=3;scenario=S04_LINK_DEGRADED;architecture=ARCH_COMM_REDUCED
CASE_223,3,T03_CRUISE_FORWARD,5,5,Cruise Forward,nominal_mission,S05_COMPOSITE_STRESS,Composite Stress,urban_canyon,high,high,degraded,degraded,planner_stress+downlink_loss+sensor_drop,ARCH_BASELINE_BALANCED,Baseline Balanced,baseline_map_v1,observe_only,reference,tracking_rmse_or_downlink_loss,240,20,5,yes,repeat=3;scenario=S05_COMPOSITE_STRESS;architecture=ARCH_BASELINE_BALANCED
CASE_224,3,T03_CRUISE_FORWARD,5,5,Cruise Forward,nominal_mission,S05_COMPOSITE_STRESS,Composite Stress,urban_canyon,high,high,degraded,degraded,planner_stress+downlink_loss+sensor_drop,ARCH_PLANNING_PRIORITY,Planning Priority,planner_priority_map_v2,recommend_then_confirm,planning_latency,tracking_rmse_or_downlink_loss,240,20,5,yes,repeat=3;scenario=S05_COMPOSITE_STRESS;architecture=ARCH_PLANNING_PRIORITY
CASE_225,3,T03_CRUISE_FORWARD,5,5,Cruise Forward,nominal_mission,S05_COMPOSITE_STRESS,Composite Stress,urban_canyon,high,high,degraded,degraded,planner_stress+downlink_loss+sensor_drop,ARCH_COMM_REDUCED,Communication Reduced,comm_guard_map_v2,recommend_then_confirm,link_resilience,tracking_rmse_or_downlink_loss,240,20,5,yes,repeat=3;scenario=S05_COMPOSITE_STRESS;architecture=ARCH_COMM_REDUCED
CASE_226,3,T04_PLAN_AVOID,24,24,Planning Avoidance,planning_mission,S01_OPEN_NOMINAL,Open Nominal,open_field,low,low,nominal,nominal,nominal,ARCH_BASELINE_BALANCED,Baseline Balanced,baseline_map_v1,observe_only,reference,planning_time_or_avoid_trigger,240,20,5,yes,repeat=3;scenario=S01_OPEN_NOMINAL;architecture=ARCH_BASELINE_BALANCED
CASE_227,3,T04_PLAN_AVOID,24,24,Planning Avoidance,planning_mission,S01_OPEN_NOMINAL,Open Nominal,open_field,low,low,nominal,nominal,nominal,ARCH_PLANNING_PRIORITY,Planning Priority,planner_priority_map_v2,recommend_then_confirm,planning_latency,planning_time_or_avoid_trigger,240,20,5,yes,repeat=3;scenario=S01_OPEN_NOMINAL;architecture=ARCH_PLANNING_PRIORITY
CASE_228,3,T04_PLAN_AVOID,24,24,Planning Avoidance,planning_mission,S01_OPEN_NOMINAL,Open Nominal,open_field,low,low,nominal,nominal,nominal,ARCH_COMM_REDUCED,Communication Reduced,comm_guard_map_v2,recommend_then_confirm,link_resilience,planning_time_or_avoid_trigger,240,20,5,yes,repeat=3;scenario=S01_OPEN_NOMINAL;architecture=ARCH_COMM_REDUCED
CASE_229,3,T04_PLAN_AVOID,24,24,Planning Avoidance,planning_mission,S02_OPEN_WIND_GUST,Open Wind Gust,open_field,low,high,nominal,nominal,wind_gust,ARCH_BASELINE_BALANCED,Baseline Balanced,baseline_map_v1,observe_only,reference,planning_time_or_avoid_trigger,240,20,5,yes,repeat=3;scenario=S02_OPEN_WIND_GUST;architecture=ARCH_BASELINE_BALANCED
CASE_230,3,T04_PLAN_AVOID,24,24,Planning Avoidance,planning_mission,S02_OPEN_WIND_GUST,Open Wind Gust,open_field,low,high,nominal,nominal,wind_gust,ARCH_PLANNING_PRIORITY,Planning Priority,planner_priority_map_v2,recommend_then_confirm,planning_latency,planning_time_or_avoid_trigger,240,20,5,yes,repeat=3;scenario=S02_OPEN_WIND_GUST;architecture=ARCH_PLANNING_PRIORITY
CASE_231,3,T04_PLAN_AVOID,24,24,Planning Avoidance,planning_mission,S02_OPEN_WIND_GUST,Open Wind Gust,open_field,low,high,nominal,nominal,wind_gust,ARCH_COMM_REDUCED,Communication Reduced,comm_guard_map_v2,recommend_then_confirm,link_resilience,planning_time_or_avoid_trigger,240,20,5,yes,repeat=3;scenario=S02_OPEN_WIND_GUST;architecture=ARCH_COMM_REDUCED
CASE_232,3,T04_PLAN_AVOID,24,24,Planning Avoidance,planning_mission,S03_DENSE_OBSTACLE,Dense Obstacle,corridor_obstacle_zone,high,medium,nominal,nominal,planner_stress,ARCH_BASELINE_BALANCED,Baseline Balanced,baseline_map_v1,observe_only,reference,planning_time_or_avoid_trigger,240,20,5,yes,repeat=3;scenario=S03_DENSE_OBSTACLE;architecture=ARCH_BASELINE_BALANCED
CASE_233,3,T04_PLAN_AVOID,24,24,Planning Avoidance,planning_mission,S03_DENSE_OBSTACLE,Dense Obstacle,corridor_obstacle_zone,high,medium,nominal,nominal,planner_stress,ARCH_PLANNING_PRIORITY,Planning Priority,planner_priority_map_v2,recommend_then_confirm,planning_latency,planning_time_or_avoid_trigger,240,20,5,yes,repeat=3;scenario=S03_DENSE_OBSTACLE;architecture=ARCH_PLANNING_PRIORITY
CASE_234,3,T04_PLAN_AVOID,24,24,Planning Avoidance,planning_mission,S03_DENSE_OBSTACLE,Dense Obstacle,corridor_obstacle_zone,high,medium,nominal,nominal,planner_stress,ARCH_COMM_REDUCED,Communication Reduced,comm_guard_map_v2,recommend_then_confirm,link_resilience,planning_time_or_avoid_trigger,240,20,5,yes,repeat=3;scenario=S03_DENSE_OBSTACLE;architecture=ARCH_COMM_REDUCED
CASE_235,3,T04_PLAN_AVOID,24,24,Planning Avoidance,planning_mission,S04_LINK_DEGRADED,Link Degraded,semi_urban,medium,medium,degraded,nominal,downlink_loss,ARCH_BASELINE_BALANCED,Baseline Balanced,baseline_map_v1,observe_only,reference,planning_time_or_avoid_trigger,240,20,5,yes,repeat=3;scenario=S04_LINK_DEGRADED;architecture=ARCH_BASELINE_BALANCED
CASE_236,3,T04_PLAN_AVOID,24,24,Planning Avoidance,planning_mission,S04_LINK_DEGRADED,Link Degraded,semi_urban,medium,medium,degraded,nominal,downlink_loss,ARCH_PLANNING_PRIORITY,Planning Priority,planner_priority_map_v2,recommend_then_confirm,planning_latency,planning_time_or_avoid_trigger,240,20,5,yes,repeat=3;scenario=S04_LINK_DEGRADED;architecture=ARCH_PLANNING_PRIORITY
CASE_237,3,T04_PLAN_AVOID,24,24,Planning Avoidance,planning_mission,S04_LINK_DEGRADED,Link Degraded,semi_urban,medium,medium,degraded,nominal,downlink_loss,ARCH_COMM_REDUCED,Communication Reduced,comm_guard_map_v2,recommend_then_confirm,link_resilience,planning_time_or_avoid_trigger,240,20,5,yes,repeat=3;scenario=S04_LINK_DEGRADED;architecture=ARCH_COMM_REDUCED
CASE_238,3,T04_PLAN_AVOID,24,24,Planning Avoidance,planning_mission,S05_COMPOSITE_STRESS,Composite Stress,urban_canyon,high,high,degraded,degraded,planner_stress+downlink_loss+sensor_drop,ARCH_BASELINE_BALANCED,Baseline Balanced,baseline_map_v1,observe_only,reference,planning_time_or_avoid_trigger,240,20,5,yes,repeat=3;scenario=S05_COMPOSITE_STRESS;architecture=ARCH_BASELINE_BALANCED
CASE_239,3,T04_PLAN_AVOID,24,24,Planning Avoidance,planning_mission,S05_COMPOSITE_STRESS,Composite Stress,urban_canyon,high,high,degraded,degraded,planner_stress+downlink_loss+sensor_drop,ARCH_PLANNING_PRIORITY,Planning Priority,planner_priority_map_v2,recommend_then_confirm,planning_latency,planning_time_or_avoid_trigger,240,20,5,yes,repeat=3;scenario=S05_COMPOSITE_STRESS;architecture=ARCH_PLANNING_PRIORITY
CASE_240,3,T04_PLAN_AVOID,24,24,Planning Avoidance,planning_mission,S05_COMPOSITE_STRESS,Composite Stress,urban_canyon,high,high,degraded,degraded,planner_stress+downlink_loss+sensor_drop,ARCH_COMM_REDUCED,Communication Reduced,comm_guard_map_v2,recommend_then_confirm,link_resilience,planning_time_or_avoid_trigger,240,20,5,yes,repeat=3;scenario=S05_COMPOSITE_STRESS;architecture=ARCH_COMM_REDUCED
CASE_241,3,T05_RETURN_HOME,17,17,Return Home,recovery,S01_OPEN_NOMINAL,Open Nominal,open_field,low,low,nominal,nominal,nominal,ARCH_BASELINE_BALANCED,Baseline Balanced,baseline_map_v1,observe_only,reference,mission_reliability_or_gcs_fail,180,20,5,yes,repeat=3;scenario=S01_OPEN_NOMINAL;architecture=ARCH_BASELINE_BALANCED
CASE_242,3,T05_RETURN_HOME,17,17,Return Home,recovery,S01_OPEN_NOMINAL,Open Nominal,open_field,low,low,nominal,nominal,nominal,ARCH_PLANNING_PRIORITY,Planning Priority,planner_priority_map_v2,recommend_then_confirm,planning_latency,mission_reliability_or_gcs_fail,180,20,5,yes,repeat=3;scenario=S01_OPEN_NOMINAL;architecture=ARCH_PLANNING_PRIORITY
CASE_243,3,T05_RETURN_HOME,17,17,Return Home,recovery,S01_OPEN_NOMINAL,Open Nominal,open_field,low,low,nominal,nominal,nominal,ARCH_COMM_REDUCED,Communication Reduced,comm_guard_map_v2,recommend_then_confirm,link_resilience,mission_reliability_or_gcs_fail,180,20,5,yes,repeat=3;scenario=S01_OPEN_NOMINAL;architecture=ARCH_COMM_REDUCED
CASE_244,3,T05_RETURN_HOME,17,17,Return Home,recovery,S02_OPEN_WIND_GUST,Open Wind Gust,open_field,low,high,nominal,nominal,wind_gust,ARCH_BASELINE_BALANCED,Baseline Balanced,baseline_map_v1,observe_only,reference,mission_reliability_or_gcs_fail,180,20,5,yes,repeat=3;scenario=S02_OPEN_WIND_GUST;architecture=ARCH_BASELINE_BALANCED
CASE_245,3,T05_RETURN_HOME,17,17,Return Home,recovery,S02_OPEN_WIND_GUST,Open Wind Gust,open_field,low,high,nominal,nominal,wind_gust,ARCH_PLANNING_PRIORITY,Planning Priority,planner_priority_map_v2,recommend_then_confirm,planning_latency,mission_reliability_or_gcs_fail,180,20,5,yes,repeat=3;scenario=S02_OPEN_WIND_GUST;architecture=ARCH_PLANNING_PRIORITY
CASE_246,3,T05_RETURN_HOME,17,17,Return Home,recovery,S02_OPEN_WIND_GUST,Open Wind Gust,open_field,low,high,nominal,nominal,wind_gust,ARCH_COMM_REDUCED,Communication Reduced,comm_guard_map_v2,recommend_then_confirm,link_resilience,mission_reliability_or_gcs_fail,180,20,5,yes,repeat=3;scenario=S02_OPEN_WIND_GUST;architecture=ARCH_COMM_REDUCED
CASE_247,3,T05_RETURN_HOME,17,17,Return Home,recovery,S03_DENSE_OBSTACLE,Dense Obstacle,corridor_obstacle_zone,high,medium,nominal,nominal,planner_stress,ARCH_BASELINE_BALANCED,Baseline Balanced,baseline_map_v1,observe_only,reference,mission_reliability_or_gcs_fail,180,20,5,yes,repeat=3;scenario=S03_DENSE_OBSTACLE;architecture=ARCH_BASELINE_BALANCED
CASE_248,3,T05_RETURN_HOME,17,17,Return Home,recovery,S03_DENSE_OBSTACLE,Dense Obstacle,corridor_obstacle_zone,high,medium,nominal,nominal,planner_stress,ARCH_PLANNING_PRIORITY,Planning Priority,planner_priority_map_v2,recommend_then_confirm,planning_latency,mission_reliability_or_gcs_fail,180,20,5,yes,repeat=3;scenario=S03_DENSE_OBSTACLE;architecture=ARCH_PLANNING_PRIORITY
CASE_249,3,T05_RETURN_HOME,17,17,Return Home,recovery,S03_DENSE_OBSTACLE,Dense Obstacle,corridor_obstacle_zone,high,medium,nominal,nominal,planner_stress,ARCH_COMM_REDUCED,Communication Reduced,comm_guard_map_v2,recommend_then_confirm,link_resilience,mission_reliability_or_gcs_fail,180,20,5,yes,repeat=3;scenario=S03_DENSE_OBSTACLE;architecture=ARCH_COMM_REDUCED
CASE_250,3,T05_RETURN_HOME,17,17,Return Home,recovery,S04_LINK_DEGRADED,Link Degraded,semi_urban,medium,medium,degraded,nominal,downlink_loss,ARCH_BASELINE_BALANCED,Baseline Balanced,baseline_map_v1,observe_only,reference,mission_reliability_or_gcs_fail,180,20,5,yes,repeat=3;scenario=S04_LINK_DEGRADED;architecture=ARCH_BASELINE_BALANCED
CASE_251,3,T05_RETURN_HOME,17,17,Return Home,recovery,S04_LINK_DEGRADED,Link Degraded,semi_urban,medium,medium,degraded,nominal,downlink_loss,ARCH_PLANNING_PRIORITY,Planning Priority,planner_priority_map_v2,recommend_then_confirm,planning_latency,mission_reliability_or_gcs_fail,180,20,5,yes,repeat=3;scenario=S04_LINK_DEGRADED;architecture=ARCH_PLANNING_PRIORITY
CASE_252,3,T05_RETURN_HOME,17,17,Return Home,recovery,S04_LINK_DEGRADED,Link Degraded,semi_urban,medium,medium,degraded,nominal,downlink_loss,ARCH_COMM_REDUCED,Communication Reduced,comm_guard_map_v2,recommend_then_confirm,link_resilience,mission_reliability_or_gcs_fail,180,20,5,yes,repeat=3;scenario=S04_LINK_DEGRADED;architecture=ARCH_COMM_REDUCED
CASE_253,3,T05_RETURN_HOME,17,17,Return Home,recovery,S05_COMPOSITE_STRESS,Composite Stress,urban_canyon,high,high,degraded,degraded,planner_stress+downlink_loss+sensor_drop,ARCH_BASELINE_BALANCED,Baseline Balanced,baseline_map_v1,observe_only,reference,mission_reliability_or_gcs_fail,180,20,5,yes,repeat=3;scenario=S05_COMPOSITE_STRESS;architecture=ARCH_BASELINE_BALANCED
CASE_254,3,T05_RETURN_HOME,17,17,Return Home,recovery,S05_COMPOSITE_STRESS,Composite Stress,urban_canyon,high,high,degraded,degraded,planner_stress+downlink_loss+sensor_drop,ARCH_PLANNING_PRIORITY,Planning Priority,planner_priority_map_v2,recommend_then_confirm,planning_latency,mission_reliability_or_gcs_fail,180,20,5,yes,repeat=3;scenario=S05_COMPOSITE_STRESS;architecture=ARCH_PLANNING_PRIORITY
CASE_255,3,T05_RETURN_HOME,17,17,Return Home,recovery,S05_COMPOSITE_STRESS,Composite Stress,urban_canyon,high,high,degraded,degraded,planner_stress+downlink_loss+sensor_drop,ARCH_COMM_REDUCED,Communication Reduced,comm_guard_map_v2,recommend_then_confirm,link_resilience,mission_reliability_or_gcs_fail,180,20,5,yes,repeat=3;scenario=S05_COMPOSITE_STRESS;architecture=ARCH_COMM_REDUCED
CASE_256,3,T06_AUTO_LAND,15,15,Auto Land,landing,S01_OPEN_NOMINAL,Open Nominal,open_field,low,low,nominal,nominal,nominal,ARCH_BASELINE_BALANCED,Baseline Balanced,baseline_map_v1,observe_only,reference,descent_rate_or_tracking_rmse,150,20,5,yes,repeat=3;scenario=S01_OPEN_NOMINAL;architecture=ARCH_BASELINE_BALANCED
CASE_257,3,T06_AUTO_LAND,15,15,Auto Land,landing,S01_OPEN_NOMINAL,Open Nominal,open_field,low,low,nominal,nominal,nominal,ARCH_PLANNING_PRIORITY,Planning Priority,planner_priority_map_v2,recommend_then_confirm,planning_latency,descent_rate_or_tracking_rmse,150,20,5,yes,repeat=3;scenario=S01_OPEN_NOMINAL;architecture=ARCH_PLANNING_PRIORITY
CASE_258,3,T06_AUTO_LAND,15,15,Auto Land,landing,S01_OPEN_NOMINAL,Open Nominal,open_field,low,low,nominal,nominal,nominal,ARCH_COMM_REDUCED,Communication Reduced,comm_guard_map_v2,recommend_then_confirm,link_resilience,descent_rate_or_tracking_rmse,150,20,5,yes,repeat=3;scenario=S01_OPEN_NOMINAL;architecture=ARCH_COMM_REDUCED
CASE_259,3,T06_AUTO_LAND,15,15,Auto Land,landing,S02_OPEN_WIND_GUST,Open Wind Gust,open_field,low,high,nominal,nominal,wind_gust,ARCH_BASELINE_BALANCED,Baseline Balanced,baseline_map_v1,observe_only,reference,descent_rate_or_tracking_rmse,150,20,5,yes,repeat=3;scenario=S02_OPEN_WIND_GUST;architecture=ARCH_BASELINE_BALANCED
CASE_260,3,T06_AUTO_LAND,15,15,Auto Land,landing,S02_OPEN_WIND_GUST,Open Wind Gust,open_field,low,high,nominal,nominal,wind_gust,ARCH_PLANNING_PRIORITY,Planning Priority,planner_priority_map_v2,recommend_then_confirm,planning_latency,descent_rate_or_tracking_rmse,150,20,5,yes,repeat=3;scenario=S02_OPEN_WIND_GUST;architecture=ARCH_PLANNING_PRIORITY
CASE_261,3,T06_AUTO_LAND,15,15,Auto Land,landing,S02_OPEN_WIND_GUST,Open Wind Gust,open_field,low,high,nominal,nominal,wind_gust,ARCH_COMM_REDUCED,Communication Reduced,comm_guard_map_v2,recommend_then_confirm,link_resilience,descent_rate_or_tracking_rmse,150,20,5,yes,repeat=3;scenario=S02_OPEN_WIND_GUST;architecture=ARCH_COMM_REDUCED
CASE_262,3,T06_AUTO_LAND,15,15,Auto Land,landing,S03_DENSE_OBSTACLE,Dense Obstacle,corridor_obstacle_zone,high,medium,nominal,nominal,planner_stress,ARCH_BASELINE_BALANCED,Baseline Balanced,baseline_map_v1,observe_only,reference,descent_rate_or_tracking_rmse,150,20,5,yes,repeat=3;scenario=S03_DENSE_OBSTACLE;architecture=ARCH_BASELINE_BALANCED
CASE_263,3,T06_AUTO_LAND,15,15,Auto Land,landing,S03_DENSE_OBSTACLE,Dense Obstacle,corridor_obstacle_zone,high,medium,nominal,nominal,planner_stress,ARCH_PLANNING_PRIORITY,Planning Priority,planner_priority_map_v2,recommend_then_confirm,planning_latency,descent_rate_or_tracking_rmse,150,20,5,yes,repeat=3;scenario=S03_DENSE_OBSTACLE;architecture=ARCH_PLANNING_PRIORITY
CASE_264,3,T06_AUTO_LAND,15,15,Auto Land,landing,S03_DENSE_OBSTACLE,Dense Obstacle,corridor_obstacle_zone,high,medium,nominal,nominal,planner_stress,ARCH_COMM_REDUCED,Communication Reduced,comm_guard_map_v2,recommend_then_confirm,link_resilience,descent_rate_or_tracking_rmse,150,20,5,yes,repeat=3;scenario=S03_DENSE_OBSTACLE;architecture=ARCH_COMM_REDUCED
CASE_265,3,T06_AUTO_LAND,15,15,Auto Land,landing,S04_LINK_DEGRADED,Link Degraded,semi_urban,medium,medium,degraded,nominal,downlink_loss,ARCH_BASELINE_BALANCED,Baseline Balanced,baseline_map_v1,observe_only,reference,descent_rate_or_tracking_rmse,150,20,5,yes,repeat=3;scenario=S04_LINK_DEGRADED;architecture=ARCH_BASELINE_BALANCED
CASE_266,3,T06_AUTO_LAND,15,15,Auto Land,landing,S04_LINK_DEGRADED,Link Degraded,semi_urban,medium,medium,degraded,nominal,downlink_loss,ARCH_PLANNING_PRIORITY,Planning Priority,planner_priority_map_v2,recommend_then_confirm,planning_latency,descent_rate_or_tracking_rmse,150,20,5,yes,repeat=3;scenario=S04_LINK_DEGRADED;architecture=ARCH_PLANNING_PRIORITY
CASE_267,3,T06_AUTO_LAND,15,15,Auto Land,landing,S04_LINK_DEGRADED,Link Degraded,semi_urban,medium,medium,degraded,nominal,downlink_loss,ARCH_COMM_REDUCED,Communication Reduced,comm_guard_map_v2,recommend_then_confirm,link_resilience,descent_rate_or_tracking_rmse,150,20,5,yes,repeat=3;scenario=S04_LINK_DEGRADED;architecture=ARCH_COMM_REDUCED
CASE_268,3,T06_AUTO_LAND,15,15,Auto Land,landing,S05_COMPOSITE_STRESS,Composite Stress,urban_canyon,high,high,degraded,degraded,planner_stress+downlink_loss+sensor_drop,ARCH_BASELINE_BALANCED,Baseline Balanced,baseline_map_v1,observe_only,reference,descent_rate_or_tracking_rmse,150,20,5,yes,repeat=3;scenario=S05_COMPOSITE_STRESS;architecture=ARCH_BASELINE_BALANCED
CASE_269,3,T06_AUTO_LAND,15,15,Auto Land,landing,S05_COMPOSITE_STRESS,Composite Stress,urban_canyon,high,high,degraded,degraded,planner_stress+downlink_loss+sensor_drop,ARCH_PLANNING_PRIORITY,Planning Priority,planner_priority_map_v2,recommend_then_confirm,planning_latency,descent_rate_or_tracking_rmse,150,20,5,yes,repeat=3;scenario=S05_COMPOSITE_STRESS;architecture=ARCH_PLANNING_PRIORITY
CASE_270,3,T06_AUTO_LAND,15,15,Auto Land,landing,S05_COMPOSITE_STRESS,Composite Stress,urban_canyon,high,high,degraded,degraded,planner_stress+downlink_loss+sensor_drop,ARCH_COMM_REDUCED,Communication Reduced,comm_guard_map_v2,recommend_then_confirm,link_resilience,descent_rate_or_tracking_rmse,150,20,5,yes,repeat=3;scenario=S05_COMPOSITE_STRESS;architecture=ARCH_COMM_REDUCED
